,customer,state,gender,education,customer lifetime value,income,monthly premium auto,number of open complaints,total claim amount,policy type,vehicle class
0,GS98873,Arizona,F,Bachelor,323912,16061,88,0,633,Personal Auto,Four-Door Car
1,CW49887,California,F,Master,462680,79487,114,0,547,Special Auto,SUV
2,MY31220,California,F,College,899704,54230,112,0,537,Personal Auto,Two-Door Car
3,UH35128,Oregon,F,College,2580706,71210,214,1,1027,Personal Auto,Luxury
4,WH52799,Arizona,F,College,380812,94903,94,0,451,Corporate Auto,Two-Door Car
5,WL99637,Arizona,M,Bachelor,761413,27293,96,0,469,Personal Auto,Two-Door Car
6,UC84059,California,F,Master,689845,70950,171,0,565,Personal Auto,Luxury
7,HW62747,Oregon,M,College,229837,0,63,0,302,Corporate Auto,Four-Door Car
8,BH11344,Oregon,F,Doctor,280669,37009,71,0,145,Corporate Auto,Two-Door Car
9,TX28465,Nevada,M,College,520611,52629,65,0,136,Personal Auto,Four-Door Car
10,OK56965,California,F,Bachelor,4570865,31264,198,1,825,Personal Auto,Luxury SUV
11,WT22392,Oregon,F,College,800734,65473,67,0,277,Personal Auto,Four-Door Car
12,PH85036,Washington,F,Bachelor,548254,79325,68,0,251,Corporate Auto,Four-Door Car
13,KC71643,Oregon,M,High School or Below,246323,99144,61,0,292,Corporate Auto,Four-Door Car
14,NR32615,California,M,College,549894,22520,73,0,350,Corporate Auto,Four-Door Car
15,GS69842,Arizona,F,Bachelor,524382,36615,65,0,264,Special Auto,Four-Door Car
16,WT71621,Washington,F,Bachelor,328045,63297,82,0,251,Personal Auto,Four-Door Car
17,KD23847,Arizona,F,High School or Below,488654,76374,61,0,292,Personal Auto,Four-Door Car
18,PE59368,Washington,F,Bachelor,512348,72096,6464,0,252,Personal Auto,Two-Door Car
19,NK91488,Nevada,M,Master,547955,56005,68,1,326,Personal Auto,Four-Door Car
20,CR33417,Washington,F,Master,476215,36529,118,0,255,Personal Auto,SUV
21,WP73172,Oregon,F,Bachelor,828767,81367,103,0,415,Special Auto,SUV
22,PS30217,California,F,Bachelor,988665,44817,83,0,527,Personal Auto,Four-Door Car
23,EL62967,Oregon,F,High School or Below,271291,58508,69,0,57,Personal Auto,Two-Door Car
24,MU23938,Oregon,M,Bachelor,1047767,45259,138,0,272,Personal Auto,SUV
25,VC83809,California,M,Doctor,343613,30817,88,0,91,Personal Auto,Four-Door Car
26,VL34577,Oregon,F,High School or Below,259618,0,72,0,345,Personal Auto,Two-Door Car
27,QE12539,California,M,Doctor,1273195,40870,105,0,504,Personal Auto,SUV
28,YO15246,Nevada,M,High School or Below,349414,35001,96,3,460,Personal Auto,Four-Door Car
29,WF73839,Arizona,F,College,759791,49937,64,0,302,Personal Auto,Two-Door Car
30,TJ11671,Oregon,F,Bachelor,401521,0,109,0,523,Personal Auto,Four-Door Car
31,SV34223,California,F,College,2047710,58317,73,0,350,Personal Auto,Four-Door Car
32,XD19546,California,F,High School or Below,816068,0,109,0,523,Personal Auto,SUV
33,OY95739,Nevada,M,High School or Below,1229868,17101,113,0,542,Corporate Auto,SUV
34,SW57539,California,F,College,871492,0,118,0,566,Corporate Auto,SUV
35,IA62027,Arizona,F,Bachelor,485353,0,65,0,468,Personal Auto,Four-Door Car
36,FZ20933,Oregon,M,High School or Below,488094,24398,63,1,302,Personal Auto,Four-Door Car
37,WR62597,Oregon,M,College,231138,24641,61,0,294,Corporate Auto,Four-Door Car
38,KU61611,Arizona,M,High School or Below,432709,69040,108,0,518,Corporate Auto,Luxury
39,XW98867,Oregon,M,High School or Below,1229868,17101,113,0,542,Personal Auto,SUV
40,PP80817,California,F,High School or Below,832353,59886,104,0,71,Personal Auto,Luxury
41,DT77901,Oregon,F,Bachelor,1017971,14290,271,0,1300,Personal Auto,Luxury SUV
42,DX34647,California,F,College,776126,43137,96,0,460,Personal Auto,Two-Door Car
43,OD56551,Oregon,M,College,523989,27978,69,1,447,Personal Auto,Four-Door Car
44,OO63074,California,F,Bachelor,451790,25261,118,0,566,Personal Auto,SUV
45,EH24828,Nevada,M,College,238977,58652,64,5,307,Personal Auto,Four-Door Car
46,CX99919,Nevada,F,College,413062,28321,111,0,537,Corporate Auto,SUV
47,DG80424,Washington,F,College,269156,77411,67,0,257,Personal Auto,Four-Door Car
48,NU32697,Oregon,M,College,522776,0,72,0,518,Corporate Auto,Four-Door Car
49,PU98976,California,F,Bachelor,618734,0,88,0,633,Personal Auto,Four-Door Car
50,ZR20842,Arizona,M,College,511387,94415,127,1,492,Personal Auto,Luxury
51,NF35573,Oregon,M,High School or Below,1103931,0,103,0,1149,Special Auto,SUV
52,DF66914,Arizona,F,Bachelor,3222708,45331,100,0,572,Personal Auto,SUV
53,YM99866,Arizona,M,High School or Below,261196,53904,67,2,321,Personal Auto,Four-Door Car
54,VH62084,California,M,High School or Below,1337232,0,74,0,811,Personal Auto,Four-Door Car
55,SE28250,Arizona,M,Bachelor,483898,0,70,2,336,Special Auto,Four-Door Car
56,MD86050,Oregon,M,High School or Below,472165,0,67,0,482,Personal Auto,Four-Door Car
57,GF17866,Oregon,M,College,387364,28142,105,0,701,Corporate Auto,Luxury
58,UB16654,Washington,M,Master,471855,15680,6464,0,260,Personal Auto,Four-Door Car
59,KO44736,Oregon,M,Bachelor,1697979,35095,73,0,525,Personal Auto,Two-Door Car
60,KI55845,Oregon,F,College,1368171,55588,114,0,547,Personal Auto,SUV
61,JJ24476,Arizona,F,Master,571722,52391,71,0,409,Personal Auto,Two-Door Car
62,VC68509,Oregon,F,Bachelor,948659,42240,79,0,46,Personal Auto,Four-Door Car
63,QN62502,Oregon,F,Bachelor,383914,70146,96,0,157,Personal Auto,Four-Door Car
64,EL92515,Oregon,F,College,1121159,41121,94,0,451,Personal Auto,Four-Door Car
65,VL84149,Oregon,F,College,2580706,71210,214,1,1027,Corporate Auto,Luxury
66,JX19907,Oregon,M,Bachelor,379832,0,107,1,1261,Corporate Auto,Two-Door Car
67,BC66921,Nevada,F,High School or Below,281656,41228,71,0,340,Personal Auto,Four-Door Car
68,RK24470,Washington,M,Bachelor,502929,40113,67,3,262,Corporate Auto,Two-Door Car
69,GN80437,Oregon,F,College,344496,0,91,0,596,Special Auto,Four-Door Car
70,AH65907,California,F,Bachelor,285940,51790,71,0,340,Personal Auto,Four-Door Car
71,VG57728,California,M,High School or Below,269205,92593,68,0,8,Corporate Auto,Four-Door Car
72,AF81450,California,M,High School or Below,1143173,28657,100,0,588,Personal Auto,SUV
73,YI28422,Oregon,M,High School or Below,763588,30262,98,1,499,Personal Auto,Four-Door Car
74,GR26937,Oregon,F,Master,980582,47197,81,0,76,Corporate Auto,Four-Door Car
75,BR99015,California,F,Bachelor,680361,0,94,0,451,Personal Auto,Four-Door Car
76,PB11270,Oregon,F,Bachelor,710765,0,61,0,541,Personal Auto,Four-Door Car
77,PZ89632,Oregon,F,High School or Below,473518,0,134,0,964,Personal Auto,SUV
78,LV62981,Arizona,M,College,687432,22093,87,0,616,Corporate Auto,Two-Door Car
79,AS97690,Arizona,M,College,241125,54483,61,0,292,Personal Auto,Two-Door Car
80,SG32258,Arizona,F,College,241654,18944,63,0,125,Personal Auto,Four-Door Car
81,MY80583,Oregon,F,Bachelor,2398154,84365,66,0,316,Personal Auto,Four-Door Car
82,WS57286,Arizona,M,College,469216,0,64,0,137,Personal Auto,Four-Door Car
83,MF53477,California,F,High School or Below,360093,25147,101,0,694,Corporate Auto,SUV
84,DQ28641,Nevada,M,High School or Below,266522,14315,71,0,511,Personal Auto,Four-Door Car
85,EX46492,Arizona,F,Master,766652,87864,94,0,421,Personal Auto,Two-Door Car
86,VW20823,California,M,High School or Below,1667589,57844,85,1,408,Personal Auto,Four-Door Car
87,LH26563,Oregon,F,High School or Below,455085,17913,116,0,556,Personal Auto,Four-Door Car
88,FR56877,Arizona,F,High School or Below,1176393,28806,99,0,475,Special Auto,Four-Door Car
89,ZY99878,California,M,High School or Below,1374253,90343,175,0,833,Personal Auto,SUV
90,CS15289,Oregon,F,Master,1613841,79041,199,0,419,Personal Auto,Luxury SUV
91,MM49431,Washington,M,Bachelor,729858,74069,63,2,275,Personal Auto,Two-Door Car
92,IA96447,California,M,College,667373,85019,167,0,801,Personal Auto,Luxury
93,PT32230,California,F,High School or Below,778212,70059,194,0,253,Personal Auto,Luxury SUV
94,NK73719,California,F,College,1939321,70503,164,1,41,Corporate Auto,SUV
95,OH15771,California,M,Bachelor,397413,0,117,0,561,Personal Auto,SUV
96,XP61034,Oregon,M,Bachelor,410558,39492,105,0,756,Personal Auto,SUV
97,ZN34245,Arizona,M,College,230847,0,68,0,489,Corporate Auto,Four-Door Car
98,FX55923,Arizona,M,Bachelor,537291,50405,70,1,7,Personal Auto,Four-Door Car
99,ZZ83340,Oregon,F,Doctor,550831,96021,68,0,315,Personal Auto,Two-Door Car
100,HA99340,Oregon,M,High School or Below,239833,0,65,0,422,Personal Auto,Two-Door Car
101,LE43061,California,M,High School or Below,372883,0,105,0,756,Personal Auto,Four-Door Car
102,UF77413,Oregon,M,College,275849,65794,69,1,277,Personal Auto,Four-Door Car
103,UY45293,Oregon,M,Bachelor,370393,21975,95,0,456,Corporate Auto,Four-Door Car
104,TH84309,California,M,High School or Below,937284,0,126,0,604,Personal Auto,SUV
105,PZ94551,Oregon,F,Bachelor,499158,56649,125,0,780,Special Auto,SUV
106,UE76013,Washington,F,Master,503986,35984,128,3,275,Personal Auto,SUV
107,HS85465,California,M,Bachelor,275997,92296,69,0,331,Corporate Auto,Two-Door Car
108,SI78985,Oregon,F,Bachelor,799300,39448,103,3,66,Personal Auto,Four-Door Car
109,KF50730,California,F,Bachelor,523557,71794,131,0,457,Personal Auto,SUV
110,JO13576,California,F,High School or Below,263301,21861,69,0,348,Personal Auto,Four-Door Car
111,HJ79774,Oregon,F,College,276480,31591,72,4,240,Corporate Auto,Four-Door Car
112,KI18648,Arizona,F,Bachelor,808484,60662,68,0,326,Special Auto,Two-Door Car
113,EL99335,California,F,College,268517,20608,73,0,350,Personal Auto,Four-Door Car
114,LE84979,California,F,Master,1220812,21331,103,0,419,Personal Auto,SUV
115,CE12380,Arizona,F,College,2009043,0,66,1,252,Corporate Auto,Four-Door Car
116,BJ22117,Washington,M,Master,513341,53390,6464,0,278,Personal Auto,Four-Door Car
117,JF83834,Oregon,M,Doctor,249131,36631,62,0,67,Corporate Auto,Four-Door Car
118,YN10988,California,M,High School or Below,631459,0,87,0,417,Personal Auto,Four-Door Car
119,YX15941,Oregon,M,College,1622964,26030,139,1,667,Corporate Auto,Luxury
120,ZB50601,Nevada,M,College,516178,0,70,0,469,Personal Auto,Four-Door Car
121,HP50399,Nevada,M,Bachelor,398226,0,113,0,542,Personal Auto,SUV
122,GC17585,Arizona,M,Bachelor,1347318,25302,70,1,336,Personal Auto,Four-Door Car
123,QW17286,Washington,F,Master,277832,66030,69,1,282,Personal Auto,Four-Door Car
124,DO41287,Oregon,M,High School or Below,827644,0,82,0,590,Personal Auto,Four-Door Car
125,GT54462,Arizona,M,Bachelor,1434985,73222,180,0,821,Personal Auto,SUV
126,BT76268,California,F,College,587819,22061,74,0,355,Personal Auto,Four-Door Car
127,QM38267,Arizona,F,High School or Below,266605,86321,66,0,316,Personal Auto,Four-Door Car
128,LP82042,Oregon,M,Bachelor,534568,54668,68,1,326,Personal Auto,Four-Door Car
129,EF52978,Arizona,F,High School or Below,477712,0,62,0,297,Personal Auto,Four-Door Car
130,GH54524,California,M,High School or Below,1697374,69497,142,0,92,Personal Auto,SUV
131,DP26592,Oregon,M,High School or Below,251811,86617,63,0,188,Personal Auto,Four-Door Car
132,UP29839,Nevada,F,Master,1916098,22705,239,0,1294,Personal Auto,Luxury SUV
133,IB80924,Washington,F,High School or Below,3286440,90783,104,2,285,Personal Auto,SUV
134,OB55054,Oregon,M,Bachelor,396481,88410,99,0,475,Corporate Auto,Four-Door Car
135,NP91656,California,F,Bachelor,491177,0,69,0,496,Personal Auto,Four-Door Car
136,SH74080,Oregon,F,College,780531,21073,106,1,508,Personal Auto,SUV
137,KN25556,Arizona,F,College,720066,0,66,0,316,Personal Auto,Four-Door Car
138,RB38792,Oregon,M,College,538949,66429,136,0,57,Personal Auto,Luxury
139,QR72180,California,F,Doctor,324131,66889,80,0,294,Personal Auto,Four-Door Car
140,TW64385,California,M,Bachelor,552821,36088,72,0,345,Corporate Auto,Four-Door Car
141,TM13955,Washington,M,Master,299302,0,80,0,286,Corporate Auto,Four-Door Car
142,GF94951,Arizona,M,Bachelor,707665,0,68,0,489,Corporate Auto,Two-Door Car
143,NF53775,California,F,College,370038,17557,96,0,666,Personal Auto,Four-Door Car
144,YB58778,California,F,College,532883,81064,70,4,42,Personal Auto,Two-Door Car
145,PH77560,Nevada,F,High School or Below,483887,0,66,0,700,Personal Auto,Four-Door Car
146,ZO14864,Washington,F,Master,341720,42526,86,0,287,Personal Auto,Two-Door Car
147,BI34376,California,F,Doctor,787992,45703,98,0,470,Personal Auto,Two-Door Car
148,UQ63396,California,F,Bachelor,786943,40036,65,0,48,Personal Auto,Four-Door Car
149,BR23201,California,M,Bachelor,258680,0,71,0,191,Personal Auto,Four-Door Car
150,VH45094,Arizona,M,High School or Below,728678,65870,61,1,202,Personal Auto,Four-Door Car
151,KD47243,California,F,Bachelor,1179799,91469,100,2,418,Personal Auto,SUV
152,MY13737,California,M,High School or Below,938675,42090,119,0,203,Corporate Auto,SUV
153,OR48881,Oregon,F,Doctor,630892,21368,79,0,4,Corporate Auto,Four-Door Car
154,BD77090,Washington,F,Bachelor,860915,79090,107,0,289,Personal Auto,SUV
155,LW77178,Oregon,F,Bachelor,1542801,33879,98,0,470,Corporate Auto,Two-Door Car
156,BQ12347,Arizona,M,High School or Below,563079,72874,70,0,336,Special Auto,Four-Door Car
157,FF61670,California,M,High School or Below,1813118,0,82,1,393,Personal Auto,Four-Door Car
158,PM61374,California,F,Bachelor,808721,0,110,0,550,Personal Auto,Two-Door Car
159,BW25236,Arizona,M,College,1845357,72215,66,0,247,Personal Auto,Four-Door Car
160,XO22038,California,F,Bachelor,521751,39854,66,0,261,Corporate Auto,Two-Door Car
161,QG51953,Oregon,M,College,483578,36655,61,0,295,Personal Auto,Four-Door Car
162,SZ56338,Oregon,F,High School or Below,559712,37995,139,0,667,Personal Auto,SUV
163,PX60116,California,F,High School or Below,892046,40867,112,0,537,Corporate Auto,Two-Door Car
164,BW46202,Oregon,F,Bachelor,599541,28804,78,0,76,Personal Auto,Two-Door Car
165,GW14109,California,F,High School or Below,3849694,48409,124,0,345,Special Auto,SUV
166,GP42026,California,M,High School or Below,838263,19683,117,1,561,Personal Auto,Luxury
167,PY42157,Washington,F,High School or Below,247225,62006,61,0,292,Personal Auto,Four-Door Car
168,OL36978,California,F,High School or Below,540551,67241,68,1,5,Personal Auto,Two-Door Car
169,KT40899,California,M,High School or Below,935247,75436,78,0,9,Personal Auto,Four-Door Car
170,WE60408,Arizona,F,College,433987,91761,109,2,779,Personal Auto,SUV
171,LG64797,California,F,College,1772376,25771,222,0,1253,Personal Auto,Luxury SUV
172,MD87746,Oregon,M,College,750745,60920,64,0,231,Personal Auto,Two-Door Car
173,QP80741,Washington,F,College,604857,0,61,3,292,Corporate Auto,Four-Door Car
174,WO59883,Washington,F,High School or Below,1901447,29822,61,0,292,Personal Auto,Two-Door Car
175,MU79385,Arizona,M,College,1008037,60944,130,2,623,Personal Auto,SUV
176,JH30384,California,F,High School or Below,650339,22081,84,0,451,Personal Auto,Two-Door Car
177,LL45497,Washington,F,College,248772,67282,62,0,297,Personal Auto,Two-Door Car
178,SK95364,California,F,College,462039,0,130,0,936,Personal Auto,SUV
179,VG56765,Arizona,M,High School or Below,247152,95697,61,0,114,Personal Auto,Two-Door Car
180,NE24371,Oregon,F,College,649424,15300,85,0,408,Personal Auto,Four-Door Car
181,KR48903,Washington,M,High School or Below,250490,88264,62,0,297,Personal Auto,Two-Door Car
182,ZF27999,Nevada,F,College,490489,12902,139,0,667,Personal Auto,Luxury
183,MH40017,Arizona,M,High School or Below,480247,29809,61,0,365,Personal Auto,Four-Door Car
184,YJ99764,Nevada,M,High School or Below,795577,0,74,0,355,Personal Auto,Four-Door Car
185,AG22225,Oregon,M,High School or Below,694190,0,96,0,460,Personal Auto,Four-Door Car
186,ZJ26179,Oregon,M,Bachelor,838247,25998,71,0,791,Personal Auto,Four-Door Car
187,VO36036,Oregon,F,Doctor,353643,28248,90,0,634,Personal Auto,Four-Door Car
188,ZQ94281,California,F,College,324481,68103,82,0,277,Personal Auto,Two-Door Car
189,CK40732,California,F,High School or Below,761121,0,103,0,741,Special Auto,Four-Door Car
190,UT73461,Oregon,F,Doctor,450539,81079,111,0,134,Special Auto,SUV
191,LT57320,Nevada,F,Master,244584,22732,62,0,15,Personal Auto,Four-Door Car
192,BZ44726,Nevada,F,High School or Below,1647776,49825,70,3,336,Corporate Auto,Two-Door Car
193,VU32116,Oregon,F,College,354640,0,103,0,621,Personal Auto,SUV
194,EG94326,Nevada,M,High School or Below,427727,77265,107,0,513,Personal Auto,SUV
195,EJ43595,California,M,High School or Below,478477,0,72,0,779,Corporate Auto,Four-Door Car
196,QI37869,California,M,College,757223,12876,107,2,425,Corporate Auto,Four-Door Car
197,SX65826,Arizona,M,Bachelor,1176087,36431,99,0,513,Personal Auto,Two-Door Car
198,XO42145,Oregon,M,High School or Below,393381,25927,103,0,674,Personal Auto,SUV
199,WJ74851,Nevada,F,Bachelor,570076,26811,72,0,465,Personal Auto,Two-Door Car
200,IG68709,Oregon,F,High School or Below,349863,41711,90,0,351,Personal Auto,Four-Door Car
201,AC75391,Arizona,F,College,576809,35091,74,0,418,Corporate Auto,Two-Door Car
202,WO94087,Arizona,F,Bachelor,636195,0,87,0,417,Corporate Auto,Four-Door Car
203,YJ69332,Oregon,F,High School or Below,650339,22081,84,0,451,Personal Auto,Two-Door Car
204,WX87964,Washington,M,High School or Below,493519,29560,62,0,297,Personal Auto,Four-Door Car
205,PD32641,Oregon,M,College,578522,31320,72,0,293,Personal Auto,Four-Door Car
206,CK39096,Oregon,M,High School or Below,561968,0,153,0,1027,Personal Auto,SUV
207,QV19964,Oregon,M,Doctor,259928,33947,66,1,192,Personal Auto,Four-Door Car
208,BF72793,California,F,High School or Below,673297,0,62,0,446,Personal Auto,Two-Door Car
209,WB12017,California,F,College,1832186,21189,66,0,316,Personal Auto,Two-Door Car
210,JO17193,Washington,M,Bachelor,230069,25905,63,0,302,Personal Auto,Four-Door Car
211,AY84441,Oregon,M,High School or Below,400285,0,114,0,820,Personal Auto,SUV
212,JQ65500,Oregon,F,Bachelor,862099,44988,108,0,518,Corporate Auto,Two-Door Car
213,OI29521,Oregon,F,College,1038898,33432,90,0,161,Corporate Auto,Two-Door Car
214,MJ51323,Oregon,F,Bachelor,842717,46503,215,1,1032,Personal Auto,Luxury SUV
215,QI64880,California,M,Bachelor,700727,0,101,0,973,Corporate Auto,SUV
216,HV93429,Oregon,F,Master,517657,23636,65,0,81,Personal Auto,Four-Door Car
217,TA89713,Oregon,M,College,538949,66429,136,0,57,Personal Auto,Luxury
218,OB98149,Washington,F,College,470000,11417,63,0,302,Personal Auto,Two-Door Car
219,LE65901,Oregon,F,Bachelor,443494,58082,112,1,103,Personal Auto,SUV
220,FF68864,Arizona,F,Bachelor,1401052,36523,71,0,101,Personal Auto,Four-Door Car
221,YX99200,Nevada,M,Bachelor,1235005,54710,103,0,294,Personal Auto,Two-Door Car
222,LZ26801,California,F,High School or Below,816157,73466,102,1,204,Personal Auto,SUV
223,TA66375,Oregon,F,Bachelor,1100913,51643,283,0,1358,Corporate Auto,Luxury
224,SC92090,Arizona,M,College,871704,83846,74,3,355,Personal Auto,Four-Door Car
225,TK40018,Oregon,M,High School or Below,591746,0,169,0,1207,Personal Auto,SUV
226,ZD63451,California,M,Bachelor,250366,53338,63,1,35,Personal Auto,Four-Door Car
227,DT35588,Oregon,M,College,433038,60475,107,0,513,Personal Auto,Four-Door Car
228,VF87723,California,M,College,1048774,30658,89,0,441,Personal Auto,Four-Door Car
229,QP69826,Arizona,M,Bachelor,356750,0,102,0,660,Corporate Auto,SUV
230,UW37050,Oregon,F,Bachelor,1989642,60420,248,0,632,Personal Auto,Luxury SUV
231,UH62254,Oregon,M,Bachelor,2142363,0,65,0,312,Personal Auto,Two-Door Car
232,IA15979,Washington,M,College,694832,40598,91,0,302,Personal Auto,Four-Door Car
233,DB71122,California,F,Doctor,351583,15144,90,0,372,Personal Auto,Four-Door Car
234,TM14491,California,M,Bachelor,1203662,44428,104,0,499,Personal Auto,SUV
235,OY94707,California,M,College,360979,58297,97,5,647,Special Auto,Four-Door Car
236,LN55080,Oregon,F,Bachelor,1773246,42191,74,1,68,Special Auto,Two-Door Car
237,TZ47750,Nevada,M,Master,850985,26057,74,0,523,Personal Auto,Four-Door Car
238,SJ74501,Arizona,F,Bachelor,586642,26608,73,0,234,Personal Auto,Two-Door Car
239,LE26899,California,M,Doctor,482550,0,63,0,272,Personal Auto,Four-Door Car
240,ML34366,California,M,College,538949,66429,136,0,57,Personal Auto,Luxury
241,EI45850,California,F,Bachelor,777800,25970,72,3,430,Personal Auto,Four-Door Car
242,LD75023,Oregon,M,High School or Below,2634608,48268,223,0,1605,Personal Auto,Luxury SUV
243,JW12998,California,F,High School or Below,1486645,24279,126,0,604,Personal Auto,Luxury
244,LP47259,Arizona,M,High School or Below,832423,0,121,0,871,Corporate Auto,Luxury
245,XD21246,Oregon,F,High School or Below,923830,0,128,0,921,Personal Auto,SUV
246,DW59142,Nevada,F,High School or Below,2269329,71879,64,0,9,Corporate Auto,Two-Door Car
247,KX54900,Arizona,M,Doctor,623601,57760,78,0,223,Special Auto,Four-Door Car
248,XV83643,California,M,College,501218,20976,129,1,735,Personal Auto,Luxury
249,XY33610,Washington,M,College,1569553,97750,65,0,303,Personal Auto,Four-Door Car
250,GK48045,Washington,F,College,821460,73245,68,0,305,Personal Auto,Four-Door Car
251,ET79528,California,M,College,311898,23008,79,1,80,Personal Auto,Four-Door Car
252,RA66180,Washington,F,High School or Below,276403,33837,72,4,305,Corporate Auto,Two-Door Car
253,BC66536,Arizona,F,High School or Below,688368,84869,85,0,408,Corporate Auto,Four-Door Car
254,PN22481,Oregon,M,College,221591,0,66,0,316,Corporate Auto,Two-Door Car
255,IF38438,Arizona,F,High School or Below,2152294,44695,79,2,81,Personal Auto,Two-Door Car
256,ZC62609,Oregon,F,High School or Below,276169,0,77,0,554,Personal Auto,Four-Door Car
257,FD64348,Oregon,M,High School or Below,2256361,23046,65,3,1,Personal Auto,Two-Door Car
258,TA58285,Oregon,M,High School or Below,528591,0,73,0,392,Personal Auto,Two-Door Car
259,WV66165,Oregon,F,High School or Below,3506264,84811,111,0,278,Personal Auto,SUV
260,YE27183,Oregon,M,Bachelor,591319,0,91,0,436,Corporate Auto,Four-Door Car
261,TI47802,California,F,Master,259339,0,69,0,331,Personal Auto,Two-Door Car
262,ZZ44902,Arizona,M,High School or Below,1269267,40117,108,0,750,Personal Auto,Two-Door Car
263,JD73594,Oregon,M,Bachelor,330911,72140,87,2,417,Personal Auto,Four-Door Car
264,VW82067,Washington,F,Master,518162,97131,6464,0,307,Personal Auto,Four-Door Car
265,JS55721,California,M,College,241393,12495,65,0,312,Personal Auto,Four-Door Car
266,ZB62469,California,M,High School or Below,216168,0,67,2,482,Corporate Auto,Two-Door Car
267,HZ74609,Oregon,F,Bachelor,552798,0,72,0,345,Personal Auto,Four-Door Car
268,TJ76363,Arizona,F,Doctor,1062921,36495,133,1,229,Corporate Auto,SUV
269,QZ58370,Nevada,F,Bachelor,1182010,86801,98,0,371,Personal Auto,Four-Door Car
270,RF44930,California,M,College,496463,52679,62,0,117,Personal Auto,Four-Door Car
271,VJ44100,California,M,Master,912292,90804,113,0,434,Personal Auto,Luxury
272,KN13494,Washington,F,Master,518162,97131,6464,0,307,Personal Auto,Four-Door Car
273,NL80137,Oregon,F,College,346066,14262,90,0,290,Personal Auto,Four-Door Car
274,NZ57065,Oregon,M,Bachelor,287298,36844,73,0,283,Personal Auto,Four-Door Car
275,NM42917,Arizona,F,College,992787,58703,127,2,227,Personal Auto,SUV
276,RR68322,Nevada,M,High School or Below,348268,65162,86,0,134,Personal Auto,Four-Door Car
277,OF78862,Oregon,F,College,399172,54964,99,0,525,Personal Auto,Four-Door Car
278,SC93784,Oregon,M,Bachelor,551010,61401,69,0,144,Personal Auto,Four-Door Car
279,CM59084,Oregon,F,High School or Below,360093,25147,101,0,694,Corporate Auto,SUV
280,QA41558,Oregon,F,Master,541945,73536,67,0,172,Personal Auto,Two-Door Car
281,SD62061,Oregon,F,High School or Below,581063,24860,73,0,350,Personal Auto,Four-Door Car
282,VP13613,California,M,Bachelor,394272,65404,99,0,300,Personal Auto,Four-Door Car
283,HF96939,Oregon,M,High School or Below,312627,34510,81,0,388,Personal Auto,Four-Door Car
284,DU18362,California,M,Bachelor,353000,0,108,0,777,Corporate Auto,Two-Door Car
285,UG34438,Washington,F,College,1099059,44552,137,0,311,Personal Auto,SUV
286,XQ19793,Arizona,M,High School or Below,477294,20993,133,0,638,Personal Auto,SUV
287,OB77084,Oregon,F,Bachelor,220233,0,61,1,292,Personal Auto,Two-Door Car
288,LK74984,Washington,M,High School or Below,245917,21190,65,2,312,Personal Auto,Four-Door Car
289,JE13986,Arizona,F,College,1037388,62587,86,0,412,Personal Auto,Four-Door Car
290,QR15221,Washington,F,High School or Below,258420,22562,65,0,312,Personal Auto,Two-Door Car
291,LD49835,California,M,High School or Below,430742,73345,107,0,513,Personal Auto,SUV
292,EK19337,Oregon,F,High School or Below,304025,0,83,0,989,Personal Auto,Four-Door Car
293,GD55093,California,F,Master,1916098,22705,239,0,1294,Personal Auto,Luxury SUV
294,RX19151,Washington,M,Bachelor,817657,67137,111,5,314,Personal Auto,SUV
295,TJ30354,Oregon,F,Bachelor,528530,22627,67,0,321,Personal Auto,Four-Door Car
296,TA75663,California,F,Master,802499,38702,101,3,253,Personal Auto,SUV
297,WG15841,California,M,Bachelor,281046,26790,71,0,340,Personal Auto,Two-Door Car
298,LO68739,Arizona,F,Bachelor,773955,64859,96,0,266,Personal Auto,Four-Door Car
299,BE61743,Washington,M,Bachelor,410979,86657,103,0,316,Personal Auto,Luxury
300,EG56026,Nevada,F,High School or Below,327516,69263,81,2,494,Personal Auto,Two-Door Car
301,VF21395,Oregon,M,Bachelor,265269,82655,66,0,316,Personal Auto,Two-Door Car
302,SI11249,California,F,High School or Below,504822,29401,65,0,312,Personal Auto,Four-Door Car
303,PU95227,Washington,M,Bachelor,336241,22853,87,0,316,Personal Auto,Four-Door Car
304,VO87785,Arizona,F,College,485842,26480,63,0,378,Personal Auto,Two-Door Car
305,FS29897,Oregon,F,High School or Below,214492,0,61,1,292,Personal Auto,Four-Door Car
306,JG36165,California,M,Bachelor,604261,0,83,0,904,Personal Auto,Two-Door Car
307,SJ42058,Oregon,F,High School or Below,338720,73268,84,0,93,Personal Auto,Four-Door Car
308,CU13711,Oregon,F,Doctor,1086427,95579,67,0,308,Personal Auto,Four-Door Car
309,GT65065,Oregon,F,Master,884265,42142,112,0,396,Personal Auto,Luxury
310,LO77543,Washington,M,College,261661,72302,66,0,316,Special Auto,Two-Door Car
311,UQ85283,California,M,Bachelor,3076325,41279,115,0,251,Personal Auto,Luxury
312,QA49556,Washington,M,Master,520022,23401,66,0,316,Personal Auto,Four-Door Car
313,GE29173,Nevada,M,Bachelor,859130,0,128,0,1448,Corporate Auto,SUV
314,DF21541,Arizona,F,College,264657,23170,71,0,340,Personal Auto,Four-Door Car
315,JL59571,Oregon,F,Bachelor,460724,17343,63,0,208,Corporate Auto,Two-Door Car
316,DF94525,Oregon,M,College,486062,25854,68,0,396,Personal Auto,Four-Door Car
317,YO58424,Oregon,M,College,258084,46900,66,0,316,Corporate Auto,Four-Door Car
318,UF32671,Washington,F,College,529139,57338,66,0,316,Personal Auto,Four-Door Car
319,HO92982,California,M,High School or Below,840575,85355,71,2,458,Personal Auto,Two-Door Car
320,MZ24175,Arizona,F,College,309651,21604,79,0,379,Personal Auto,Four-Door Car
321,YD48962,Arizona,M,High School or Below,2941228,0,107,0,513,Personal Auto,SUV
322,MF18493,California,M,College,1749752,0,73,0,350,Personal Auto,Two-Door Car
323,EP61084,Nevada,F,High School or Below,321860,68776,80,0,87,Personal Auto,Four-Door Car
324,EN38348,Oregon,F,High School or Below,2320726,45039,96,0,192,Personal Auto,Four-Door Car
325,FG46258,Washington,F,College,692197,16483,90,0,320,Corporate Auto,Two-Door Car
326,LS98306,Nevada,M,High School or Below,1391853,64113,117,0,561,Special Auto,Four-Door Car
327,PZ47477,Arizona,M,High School or Below,896630,41829,76,0,416,Personal Auto,Two-Door Car
328,LT32391,California,F,Master,1198198,21514,62,0,257,Personal Auto,Two-Door Car
329,KK30016,Nevada,M,Master,553262,27722,69,0,331,Personal Auto,Four-Door Car
330,OA89218,Nevada,F,College,1166057,21506,151,0,826,Personal Auto,Luxury
331,CY47265,Oregon,F,High School or Below,288645,10312,78,0,486,Personal Auto,Four-Door Car
332,ZI47663,Arizona,F,Bachelor,1274184,73054,106,1,419,Personal Auto,SUV
333,GO14008,Oregon,F,Bachelor,539809,73775,67,0,321,Personal Auto,Four-Door Car
334,BC43958,California,M,High School or Below,728503,44788,61,0,386,Corporate Auto,Four-Door Car
335,AI61368,Nevada,F,High School or Below,1765196,22510,95,0,456,Personal Auto,Four-Door Car
336,UF37831,Arizona,M,Master,1702989,54613,213,0,731,Personal Auto,Luxury SUV
337,PO90615,Arizona,F,High School or Below,249125,25965,65,0,329,Personal Auto,Four-Door Car
338,GY74661,Oregon,F,College,403931,34911,105,1,126,Personal Auto,SUV
339,MX50302,Oregon,M,Bachelor,261933,78618,66,0,225,Special Auto,Two-Door Car
340,TC84427,Oregon,F,High School or Below,504968,61080,66,2,294,Personal Auto,Four-Door Car
341,IQ82914,Oregon,F,Master,498345,60415,62,0,72,Personal Auto,Two-Door Car
342,TY74870,California,F,Master,253063,25143,66,0,8,Corporate Auto,Four-Door Car
343,II83628,California,M,College,739671,41045,64,1,394,Personal Auto,Four-Door Car
344,ZR77995,California,M,College,383289,97729,95,0,97,Personal Auto,Four-Door Car
345,QT89604,Arizona,F,High School or Below,496140,55702,61,0,151,Personal Auto,Four-Door Car
346,AB21519,California,F,College,386148,93272,95,0,281,Personal Auto,Four-Door Car
347,MP47256,California,M,Bachelor,2265853,23665,67,0,404,Personal Auto,Four-Door Car
348,MA47641,Oregon,M,High School or Below,1040896,20228,101,1,523,Personal Auto,SUV
349,GQ20713,Nevada,F,College,483471,38713,66,4,316,Personal Auto,Four-Door Car
350,WW87934,Arizona,F,Bachelor,825766,23815,73,0,424,Personal Auto,Four-Door Car
351,HF75276,Nevada,F,High School or Below,305262,0,93,3,446,Personal Auto,Four-Door Car
352,ET64028,California,F,High School or Below,401231,47221,99,0,475,Personal Auto,Two-Door Car
353,QA41472,Oregon,M,Bachelor,1335548,34495,113,0,389,Personal Auto,SUV
354,OZ92426,Oregon,M,College,236443,46264,62,0,199,Corporate Auto,Four-Door Car
355,UM69933,Nevada,M,College,248933,46051,63,0,302,Personal Auto,Two-Door Car
356,RQ11502,Nevada,F,Bachelor,475572,23975,128,0,614,Corporate Auto,SUV
357,TX98128,California,F,College,1386438,0,74,4,580,Personal Auto,Four-Door Car
358,XY52165,Arizona,F,College,302042,78561,74,0,355,Personal Auto,Two-Door Car
359,GB39003,California,M,High School or Below,628530,0,90,0,432,Personal Auto,Two-Door Car
360,VH43367,California,F,High School or Below,250602,61402,63,2,302,Special Auto,Four-Door Car
361,KG81168,Arizona,M,Bachelor,282630,65090,71,0,73,Personal Auto,Four-Door Car
362,WU14549,Nevada,M,Master,436971,88495,108,0,535,Personal Auto,Two-Door Car
363,XB17553,Nevada,M,Bachelor,1217458,52797,104,1,88,Personal Auto,Luxury
364,MY88518,Nevada,M,Doctor,352804,31278,92,4,441,Personal Auto,Two-Door Car
365,XE18554,California,F,Bachelor,1043657,24177,92,1,441,Personal Auto,Four-Door Car
366,NY97446,Oregon,F,High School or Below,274612,96339,68,0,293,Corporate Auto,Four-Door Car
367,VT96364,California,M,Bachelor,917517,68164,119,2,222,Personal Auto,Four-Door Car
368,DP92488,Washington,F,Doctor,272752,74592,67,0,321,Personal Auto,Two-Door Car
369,VC54081,Oregon,F,College,944974,0,63,0,117,Special Auto,Four-Door Car
370,CE94751,California,M,College,456881,0,70,1,524,Personal Auto,Two-Door Car
371,VM85856,Oregon,F,Master,257402,34990,65,0,42,Personal Auto,Four-Door Car
372,EH37385,Arizona,F,Master,878988,22849,109,0,523,Personal Auto,Luxury
373,FI45719,Arizona,M,Doctor,250740,32893,63,0,174,Personal Auto,Four-Door Car
374,SB79528,Oregon,M,College,252241,0,73,0,350,Corporate Auto,Two-Door Car
375,WH81461,Nevada,M,College,754271,0,111,0,1186,Personal Auto,SUV
376,UD47050,Oregon,M,High School or Below,600521,26876,76,0,364,Corporate Auto,Four-Door Car
377,XZ17273,Nevada,M,Bachelor,2099825,71663,74,0,84,Corporate Auto,Four-Door Car
378,XR97812,California,M,College,234508,0,69,0,331,Personal Auto,Four-Door Car
379,BW88060,California,F,High School or Below,878316,16994,112,0,806,Personal Auto,SUV
380,CP32818,Oregon,M,Bachelor,452996,64270,117,0,46,Personal Auto,Luxury
381,CM52565,Nevada,F,High School or Below,603322,0,83,0,597,Corporate Auto,Four-Door Car
382,YP40334,Oregon,F,Doctor,530824,0,145,0,358,Personal Auto,SUV
383,KD63998,California,M,College,267473,56342,69,0,331,Personal Auto,Four-Door Car
384,VC77127,California,F,High School or Below,492980,0,70,0,837,Personal Auto,Four-Door Car
385,AM30008,California,M,High School or Below,1413112,28327,185,0,888,Personal Auto,Luxury
386,PC83755,Oregon,M,High School or Below,247152,95697,61,0,114,Personal Auto,Two-Door Car
387,XS22323,Arizona,M,High School or Below,600521,26876,76,0,364,Personal Auto,Four-Door Car
388,ST27958,Washington,M,College,438627,10621,67,0,321,Personal Auto,Four-Door Car
389,BH23017,Nevada,F,Bachelor,1911656,0,61,0,657,Personal Auto,Two-Door Car
390,OD18225,California,M,College,663166,32918,84,0,403,Personal Auto,Four-Door Car
391,VE31507,Oregon,F,High School or Below,743229,0,71,0,447,Personal Auto,Four-Door Car
392,NR18672,Nevada,M,High School or Below,292811,63127,74,1,174,Personal Auto,Two-Door Car
393,DM76654,California,M,College,4661187,22022,136,0,979,Personal Auto,SUV
394,YY11432,Oregon,F,High School or Below,1651500,51725,138,1,159,Personal Auto,SUV
395,GK67747,Washington,M,College,438627,10621,67,0,321,Special Auto,Four-Door Car
396,XA75063,Oregon,F,College,1021356,39719,131,0,628,Personal Auto,Luxury
397,PQ13422,Nevada,M,College,1004928,58194,84,0,450,Personal Auto,Four-Door Car
398,NA89685,Oregon,M,College,574614,61990,72,0,48,Personal Auto,Four-Door Car
399,AL35726,Oregon,F,College,374675,41479,94,1,19,Personal Auto,Two-Door Car
400,WO70078,Oregon,F,Bachelor,748606,97899,95,3,3,Personal Auto,Four-Door Car
401,CA56041,Nevada,F,College,912006,63878,113,0,370,Personal Auto,SUV
402,HI41970,Oregon,F,High School or Below,567804,68671,70,0,8,Special Auto,Two-Door Car
403,AU46443,Nevada,F,Bachelor,751708,0,102,0,1178,Personal Auto,SUV
404,WC35554,Oregon,M,College,453053,34640,117,2,466,Personal Auto,Luxury
405,JR10216,California,F,Bachelor,269138,21959,71,0,340,Corporate Auto,Four-Door Car
406,OH11674,Arizona,F,Bachelor,806862,51584,69,2,368,Corporate Auto,Two-Door Car
407,US85318,Oregon,F,Bachelor,247857,65744,62,0,166,Corporate Auto,Four-Door Car
408,FS19862,Arizona,F,Bachelor,911204,25198,118,0,566,Personal Auto,SUV
409,ZP80713,Arizona,F,Master,277244,79663,69,0,263,Personal Auto,Two-Door Car
410,OK50159,Arizona,F,Bachelor,430579,31071,111,2,215,Personal Auto,Luxury
411,TP54769,California,F,Bachelor,510335,39452,131,0,398,Corporate Auto,SUV
412,FS49381,Oregon,F,Bachelor,478496,25813,61,0,205,Personal Auto,Four-Door Car
413,DQ79499,Oregon,F,Doctor,1054110,59965,131,0,905,Personal Auto,SUV
414,VH31965,Washington,M,Bachelor,528511,40783,67,1,321,Personal Auto,Four-Door Car
415,VO25602,Nevada,F,College,761084,98701,94,0,79,Personal Auto,Four-Door Car
416,EP93369,Arizona,F,College,851052,0,121,0,871,Personal Auto,Luxury
417,DQ45854,Oregon,F,College,1617294,64388,68,0,12,Personal Auto,Four-Door Car
418,QG15661,Oregon,M,College,242549,66841,62,0,123,Personal Auto,Four-Door Car
419,YA80645,Oregon,F,High School or Below,289931,33738,74,1,304,Corporate Auto,Four-Door Car
420,TW16499,California,M,Bachelor,363305,43334,95,2,614,Corporate Auto,Two-Door Car
421,UP97629,California,F,College,345715,0,91,0,245,Personal Auto,Four-Door Car
422,NU42684,Nevada,F,College,339472,83431,84,0,403,Personal Auto,Four-Door Car
423,EM85557,Washington,F,College,802106,54292,67,0,321,Personal Auto,Four-Door Car
424,BM69818,Oregon,M,Bachelor,584152,0,79,0,379,Personal Auto,Four-Door Car
425,HK15299,California,M,High School or Below,547985,38210,69,0,383,Personal Auto,Four-Door Car
426,NP88496,Nevada,F,High School or Below,2045524,0,67,0,482,Personal Auto,Four-Door Car
427,SB99002,Oregon,F,Bachelor,831912,49734,69,0,154,Corporate Auto,Four-Door Car
428,ZH42145,Washington,F,High School or Below,258286,50148,65,0,323,Corporate Auto,Four-Door Car
429,JG30837,Oregon,M,College,416379,11689,117,0,561,Corporate Auto,SUV
430,AC22873,Arizona,F,High School or Below,485310,17120,125,0,717,Special Auto,SUV
431,RO85831,Oregon,M,High School or Below,753169,82157,188,0,1353,Corporate Auto,Luxury
432,NN65845,Washington,F,Bachelor,258593,21603,68,2,326,Personal Auto,Four-Door Car
433,RZ27571,Washington,F,Bachelor,269596,25544,68,0,326,Personal Auto,Four-Door Car
434,GH31557,California,M,High School or Below,268458,98121,67,0,383,Personal Auto,Two-Door Car
435,MK73855,Washington,F,High School or Below,810936,32314,68,0,326,Personal Auto,Four-Door Car
436,IO27771,Oregon,F,College,903665,89382,112,0,573,Corporate Auto,Four-Door Car
437,HB99061,Arizona,F,High School or Below,535218,97742,132,0,199,Corporate Auto,SUV
438,HQ82089,Arizona,F,High School or Below,1188096,0,114,0,820,Personal Auto,Four-Door Car
439,JN72184,Oregon,M,College,255709,0,73,0,525,Corporate Auto,Four-Door Car
440,WQ46946,California,F,College,791482,77153,99,1,355,Personal Auto,Four-Door Car
441,WJ44028,California,M,Master,984008,94590,81,0,388,Personal Auto,Two-Door Car
442,WH77063,Arizona,F,High School or Below,435155,74163,108,0,518,Personal Auto,Four-Door Car
443,FI13966,Oregon,F,High School or Below,2220782,40450,287,3,1377,Personal Auto,Luxury SUV
444,AQ46199,Oregon,M,High School or Below,482525,0,71,0,511,Personal Auto,Two-Door Car
445,WV69362,Arizona,F,High School or Below,694783,0,99,0,475,Corporate Auto,Two-Door Car
446,RJ90816,California,F,College,334480,33243,85,0,24,Personal Auto,Four-Door Car
447,NH19236,Arizona,M,Master,235750,0,64,0,199,Personal Auto,Four-Door Car
448,VW88911,Oregon,M,High School or Below,3594471,0,114,0,820,Corporate Auto,Four-Door Car
449,NV14535,Nevada,M,High School or Below,1040896,20228,101,1,523,Personal Auto,SUV
450,BM66931,Arizona,F,High School or Below,404816,92801,100,0,407,Personal Auto,SUV
451,JW24035,Oregon,M,College,685200,0,69,1,406,Personal Auto,Four-Door Car
452,PG82270,California,M,College,290302,36845,74,0,355,Personal Auto,Four-Door Car
453,RW65101,California,F,College,1803911,0,63,0,503,Personal Auto,Four-Door Car
454,QO79771,California,F,Master,324204,72330,81,2,126,Personal Auto,Four-Door Car
455,EC44438,Nevada,F,Bachelor,246762,19352,65,0,724,Personal Auto,Four-Door Car
456,MW54213,Arizona,M,College,567438,0,62,5,297,Personal Auto,Four-Door Car
457,ZN33412,Arizona,F,College,863435,25073,79,0,379,Personal Auto,Four-Door Car
458,HZ56678,Oregon,F,High School or Below,278019,20261,72,0,345,Personal Auto,Four-Door Car
459,AN36757,Oregon,M,Master,2205600,66851,92,2,408,Personal Auto,Four-Door Car
460,NB54665,Arizona,F,High School or Below,251459,43860,65,0,156,Corporate Auto,Four-Door Car
461,MG99229,Oregon,M,College,588622,0,180,0,1777,Corporate Auto,Luxury
462,MX76292,California,F,Doctor,770603,48019,64,0,137,Corporate Auto,Four-Door Car
463,EJ90880,California,M,College,279045,28786,71,1,345,Personal Auto,Four-Door Car
464,WO95180,California,F,High School or Below,239703,22283,65,0,572,Corporate Auto,Four-Door Car
465,BU53191,Arizona,F,Bachelor,883432,34133,111,0,226,Personal Auto,SUV
466,ZK54897,Arizona,M,Master,1443567,60880,119,0,109,Personal Auto,Two-Door Car
467,PP48389,California,F,Bachelor,687196,0,196,2,940,Personal Auto,Luxury
468,XD29421,Oregon,M,High School or Below,1536235,48115,192,0,1382,Personal Auto,Luxury
469,OP26403,California,F,College,483479,32017,62,2,297,Personal Auto,Four-Door Car
470,XK15687,Oregon,F,High School or Below,1089930,58518,136,0,323,Personal Auto,SUV
471,ED29955,California,M,Bachelor,528404,61542,67,0,321,Personal Auto,Four-Door Car
472,QT84720,Oregon,F,Bachelor,289172,56761,73,1,85,Corporate Auto,Two-Door Car
473,ZH35315,California,M,College,490054,22976,66,0,345,Personal Auto,Four-Door Car
474,EE76374,Nevada,F,High School or Below,2084259,0,72,0,709,Personal Auto,Four-Door Car
475,SH51981,Washington,M,College,524605,70301,67,0,328,Personal Auto,Four-Door Car
476,BS13111,Arizona,M,Bachelor,663083,0,66,0,315,Personal Auto,Four-Door Car
477,JP12645,Arizona,M,Bachelor,1203662,44428,104,0,499,Personal Auto,SUV
478,ZF28570,Nevada,M,Bachelor,389503,52361,102,0,645,Personal Auto,Four-Door Car
479,UU93074,California,M,College,1170106,32435,297,0,1767,Personal Auto,Luxury
480,SZ60450,California,M,High School or Below,341910,40272,86,0,23,Personal Auto,Two-Door Car
481,HL63895,Arizona,M,Master,730277,30492,61,0,171,Personal Auto,Four-Door Car
482,UD27196,Arizona,M,High School or Below,1968540,51524,244,0,1171,Personal Auto,Luxury
483,OU53351,Arizona,M,College,248606,36635,63,0,302,Corporate Auto,Four-Door Car
484,SX50964,Arizona,F,Bachelor,522432,83389,65,0,209,Corporate Auto,Two-Door Car
485,RP30093,Oregon,F,Bachelor,4922143,63035,153,0,734,Personal Auto,SUV
486,BK73302,California,M,Bachelor,316788,61638,82,2,544,Corporate Auto,Four-Door Car
487,CS93971,Arizona,F,College,780531,21073,106,1,508,Personal Auto,SUV
488,RG13940,California,F,College,1319792,0,68,3,326,Personal Auto,Four-Door Car
489,ZG94155,Oregon,M,Bachelor,623430,0,82,0,192,Personal Auto,Two-Door Car
490,QN15356,Arizona,M,College,753960,0,74,0,532,Personal Auto,Four-Door Car
491,MZ16820,Nevada,M,High School or Below,815793,86811,102,0,489,Corporate Auto,Four-Door Car
492,DO98345,Oregon,M,High School or Below,1315674,72517,82,0,371,Personal Auto,Two-Door Car
493,PA48777,Washington,F,High School or Below,249125,25965,5353,0,329,Personal Auto,Four-Door Car
494,UK76814,Oregon,F,Doctor,533938,84424,66,0,231,Personal Auto,Four-Door Car
495,SR30440,California,F,College,864917,43383,109,0,757,Personal Auto,SUV
496,XE66367,Oregon,M,High School or Below,751913,96306,95,1,185,Special Auto,Four-Door Car
497,SZ70655,California,F,College,429300,0,61,0,292,Corporate Auto,Two-Door Car
498,UV54502,Washington,F,High School or Below,253774,0,69,0,331,Personal Auto,Four-Door Car
499,DK98861,Arizona,F,College,1316033,94125,109,0,341,Personal Auto,SUV
500,JX14364,Oregon,M,College,1323554,39778,112,0,806,Personal Auto,SUV
501,LI85491,Oregon,F,High School or Below,374457,0,101,0,727,Personal Auto,SUV
502,JY87538,Oregon,F,College,2848607,91871,102,0,346,Personal Auto,SUV
503,VE55982,Nevada,M,Bachelor,264468,54000,66,0,373,Corporate Auto,Two-Door Car
504,WK99918,Oregon,M,Doctor,507328,57709,125,0,600,Personal Auto,SUV
505,XP16538,Arizona,F,High School or Below,427258,81132,107,0,419,Corporate Auto,SUV
506,HW42900,California,M,College,1100301,22926,93,0,479,Corporate Auto,Four-Door Car
507,JG84729,Arizona,F,College,1418164,0,72,2,345,Personal Auto,Four-Door Car
508,XH85336,Washington,M,Bachelor,554803,67798,69,0,331,Personal Auto,Four-Door Car
509,ND29059,Oregon,M,Bachelor,1107768,78011,138,0,619,Personal Auto,SUV
510,HC76653,Oregon,M,College,243568,32931,62,0,297,Personal Auto,Four-Door Car
511,SG73822,California,F,Bachelor,874385,99517,109,0,239,Personal Auto,Four-Door Car
512,CB44654,Arizona,M,Bachelor,240976,59665,62,1,167,Personal Auto,Two-Door Car
513,MP53505,Washington,F,High School or Below,550001,86073,136,0,333,Corporate Auto,Luxury
514,YJ43481,Arizona,F,High School or Below,852828,91099,107,0,406,Corporate Auto,SUV
515,TP15362,Oregon,M,College,359199,28013,91,0,655,Personal Auto,Four-Door Car
516,YX90754,Nevada,F,High School or Below,853982,55478,71,0,339,Personal Auto,Two-Door Car
517,TQ32702,Nevada,F,College,699091,22568,88,0,422,Corporate Auto,Four-Door Car
518,TS50305,California,F,High School or Below,397938,0,112,0,806,Personal Auto,SUV
519,BY22068,Arizona,M,High School or Below,2395037,39335,201,0,964,Corporate Auto,Luxury SUV
520,TJ48439,Oregon,F,College,232105,0,66,0,508,Personal Auto,Two-Door Car
521,TE61015,Oregon,M,College,508702,0,72,0,345,Personal Auto,Four-Door Car
522,RD89159,Oregon,M,College,436293,58842,110,0,528,Personal Auto,Four-Door Car
523,VW86720,Oregon,F,Bachelor,745746,0,69,0,678,Personal Auto,Four-Door Car
524,UM76485,Oregon,M,College,702775,0,102,0,489,Personal Auto,SUV
525,LS62045,Oregon,F,Bachelor,283168,70037,70,0,409,Personal Auto,Four-Door Car
526,ZG84862,Nevada,M,High School or Below,421785,0,62,0,446,Personal Auto,Two-Door Car
527,CD76093,Nevada,M,College,759629,59847,192,0,921,Corporate Auto,Luxury
528,FO99259,California,M,Bachelor,836567,26630,118,0,581,Personal Auto,Four-Door Car
529,KN87338,Oregon,F,High School or Below,272639,48039,68,0,11,Personal Auto,Four-Door Car
530,LT89398,California,M,High School or Below,342045,0,92,0,441,Personal Auto,Four-Door Car
531,NZ19529,Arizona,M,High School or Below,483910,0,137,0,1227,Personal Auto,SUV
532,PR41853,Arizona,F,Bachelor,435855,0,118,0,101,Corporate Auto,Luxury
533,ZF40671,Washington,F,Master,1242739,15818,107,0,333,Personal Auto,Two-Door Car
534,XR84971,Oregon,F,Doctor,2351585,36537,85,0,165,Personal Auto,Four-Door Car
535,BP83941,Arizona,F,Master,839632,0,115,1,552,Personal Auto,SUV
536,PY80449,Arizona,M,High School or Below,517097,53603,132,1,697,Personal Auto,Luxury
537,ET22260,Nevada,M,Doctor,558530,0,80,0,6,Corporate Auto,Four-Door Car
538,OF47250,California,F,Doctor,863949,92374,107,1,220,Personal Auto,SUV
539,WB58031,California,M,High School or Below,528183,39658,66,0,316,Corporate Auto,Four-Door Car
540,UV80201,Oregon,F,Bachelor,838525,0,116,0,556,Personal Auto,Luxury
541,PY10605,Arizona,M,Bachelor,463310,0,70,0,336,Personal Auto,Two-Door Car
542,JI82682,California,F,High School or Below,248039,0,65,0,328,Personal Auto,Four-Door Car
543,BU14748,Arizona,M,High School or Below,361868,50755,91,0,436,Personal Auto,Two-Door Car
544,QK18099,Washington,F,College,537584,69050,67,0,334,Personal Auto,Four-Door Car
545,LD26428,Oregon,M,Bachelor,489329,0,73,0,680,Corporate Auto,Four-Door Car
546,MY43761,California,M,High School or Below,1073768,50607,137,0,657,Personal Auto,SUV
547,WQ89892,Washington,F,College,260781,0,70,1,336,Special Auto,Two-Door Car
548,GY55415,Nevada,F,Bachelor,1572525,0,149,0,1072,Corporate Auto,SUV
549,IB42395,Nevada,M,College,955341,0,146,0,1051,Corporate Auto,SUV
550,ZU74482,Oregon,M,College,750745,60920,64,0,231,Personal Auto,Two-Door Car
551,NL74789,California,F,Bachelor,732492,0,105,0,504,Special Auto,Two-Door Car
552,YU86594,Oregon,M,High School or Below,533303,55674,66,0,81,Personal Auto,Four-Door Car
553,QN37451,California,M,College,1276723,0,189,0,2201,Corporate Auto,Luxury
554,GD83998,Washington,M,Bachelor,265933,24495,70,0,336,Personal Auto,Four-Door Car
555,IL83479,Oregon,F,College,348363,42983,86,0,412,Personal Auto,Four-Door Car
556,EF87528,Arizona,M,College,463654,26802,66,1,316,Special Auto,Two-Door Car
557,IV74747,California,M,Doctor,1753003,0,97,0,469,Corporate Auto,Four-Door Car
558,JZ81608,Oregon,M,High School or Below,697871,53808,88,0,189,Personal Auto,Four-Door Car
559,EO40136,Arizona,F,College,291224,93403,73,0,295,Personal Auto,Four-Door Car
560,ZR40902,Oregon,F,Bachelor,420927,26435,111,1,1012,Corporate Auto,Four-Door Car
561,PO89542,Oregon,F,Bachelor,500980,0,68,0,326,Personal Auto,Four-Door Car
562,FX57380,California,F,Bachelor,521751,39854,66,0,261,Personal Auto,Two-Door Car
563,NM22175,Oregon,M,College,1149033,0,161,0,1052,Personal Auto,SUV
564,BC97773,Nevada,F,Master,286454,91368,71,0,395,Personal Auto,Four-Door Car
565,MN34012,Arizona,M,Bachelor,840391,0,115,0,552,Personal Auto,SUV
566,KY29506,California,F,College,2039596,92850,104,1,499,Personal Auto,Four-Door Car
567,VU84949,Washington,F,Bachelor,529263,0,70,0,336,Personal Auto,Two-Door Car
568,HC20975,Arizona,M,Bachelor,1672777,30915,72,2,345,Personal Auto,Four-Door Car
569,IF87079,Arizona,F,Master,580112,48927,72,0,139,Personal Auto,Four-Door Car
570,EP18940,Oregon,F,Bachelor,947297,0,86,0,412,Personal Auto,Four-Door Car
571,SB44003,Arizona,F,College,1048491,61108,89,0,49,Personal Auto,Four-Door Car
572,MK15785,Nevada,M,Master,438731,48015,110,0,528,Corporate Auto,Luxury
573,VP89545,Arizona,M,College,452288,0,61,0,292,Personal Auto,Four-Door Car
574,HJ58678,Nevada,F,College,541815,57587,68,0,257,Personal Auto,Four-Door Car
575,IA52178,Arizona,F,College,1578529,81119,196,0,940,Corporate Auto,SUV
576,WC42895,California,F,Bachelor,2211039,65724,70,0,14,Personal Auto,Four-Door Car
577,JP41935,Washington,M,High School or Below,1359619,20128,70,2,336,Personal Auto,Four-Door Car
578,YM77369,Oregon,M,High School or Below,475612,56146,119,0,401,Corporate Auto,Four-Door Car
579,WV15213,California,M,Bachelor,244705,84658,62,0,44,Personal Auto,Four-Door Car
580,GX37592,Nevada,F,College,567592,33257,72,1,345,Personal Auto,Four-Door Car
581,VM34210,Washington,F,College,739903,0,101,0,337,Personal Auto,SUV
582,YJ59924,Oregon,M,College,730843,31115,92,0,441,Personal Auto,Four-Door Car
583,OO35641,Oregon,F,College,3287174,78487,117,0,448,Personal Auto,SUV
584,EU54076,Oregon,M,Bachelor,522892,92472,65,0,240,Corporate Auto,Four-Door Car
585,QH56750,Arizona,M,High School or Below,2070086,0,64,0,460,Personal Auto,Four-Door Car
586,PQ27923,Washington,M,Master,633303,71737,79,0,338,Personal Auto,Two-Door Car
587,ES16126,California,M,College,433038,60475,107,0,513,Personal Auto,Four-Door Car
588,PG42834,Arizona,F,Bachelor,629273,26577,79,0,73,Personal Auto,Four-Door Car
589,OY44814,Arizona,M,High School or Below,491788,0,71,0,511,Personal Auto,Two-Door Car
590,JI97190,California,M,High School or Below,516581,43461,64,0,307,Personal Auto,Two-Door Car
591,ZK61113,Oregon,M,High School or Below,629159,0,94,0,676,Personal Auto,Two-Door Car
592,MU88116,Oregon,F,Master,458267,69085,113,0,472,Corporate Auto,Luxury
593,TP61305,California,M,High School or Below,606244,0,84,0,604,Personal Auto,Four-Door Car
594,ZY20779,Washington,M,High School or Below,497907,0,71,0,340,Personal Auto,Two-Door Car
595,KP65334,California,F,College,583056,0,77,0,783,Corporate Auto,Four-Door Car
596,OH15677,California,M,High School or Below,374257,0,110,1,1272,Personal Auto,Luxury
597,HB53755,Oregon,F,High School or Below,384959,0,106,0,763,Personal Auto,Luxury
598,UF77079,Arizona,F,High School or Below,1526581,58361,95,0,43,Personal Auto,Four-Door Car
599,TD20252,Arizona,M,College,531780,74092,67,0,321,Personal Auto,Four-Door Car
600,TH68362,California,F,College,237480,0,64,0,380,Corporate Auto,Four-Door Car
601,TO34442,Washington,M,College,553286,59768,71,1,340,Personal Auto,Four-Door Car
602,MP96373,Washington,M,Master,571978,54585,7575,1,340,Personal Auto,Two-Door Car
603,CV72453,Oregon,F,High School or Below,451220,0,125,0,900,Corporate Auto,SUV
604,OY92520,California,F,Bachelor,726480,12075,94,0,451,Personal Auto,Four-Door Car
605,UY95530,California,M,College,865886,62464,109,0,400,Personal Auto,Luxury
606,FB84235,Oregon,M,College,549894,22520,73,0,350,Personal Auto,Four-Door Car
607,MJ14480,Arizona,F,High School or Below,559938,35012,72,0,345,Personal Auto,Four-Door Car
608,KW81128,Arizona,F,College,1522819,95140,126,0,45,Personal Auto,Luxury
609,DQ98402,Nevada,F,High School or Below,364483,82477,90,0,432,Corporate Auto,Two-Door Car
610,WN53966,California,M,Master,369344,85871,92,1,112,Personal Auto,Four-Door Car
611,QK69627,Washington,F,High School or Below,938816,75264,78,0,343,Personal Auto,Four-Door Car
612,QC55306,Washington,M,High School or Below,3116269,83170,97,0,344,Personal Auto,Four-Door Car
613,WV79842,California,M,High School or Below,928373,24314,235,0,1128,Personal Auto,Luxury SUV
614,DF40318,Oregon,M,Master,255122,79751,63,0,392,Corporate Auto,Two-Door Car
615,TN90661,Nevada,M,High School or Below,581191,83318,72,0,345,Corporate Auto,Four-Door Car
616,ZU88029,Oregon,F,Master,406467,26161,109,0,594,Personal Auto,Luxury
617,TQ88221,California,F,Bachelor,284144,30473,72,0,450,Corporate Auto,Four-Door Car
618,KH34667,Nevada,M,College,683213,50472,87,0,281,Corporate Auto,Four-Door Car
619,HW54198,Nevada,M,Master,520197,94186,64,0,135,Personal Auto,Four-Door Car
620,GZ79662,Arizona,M,High School or Below,548458,47611,69,0,593,Corporate Auto,Four-Door Car
621,YA11342,California,M,High School or Below,767268,0,103,0,518,Personal Auto,Four-Door Car
622,ZW18871,Oregon,M,High School or Below,827248,91245,69,0,19,Corporate Auto,Four-Door Car
623,QZ17137,Arizona,F,High School or Below,333067,45944,83,0,182,Personal Auto,Two-Door Car
624,UV53712,California,F,College,556245,59649,69,1,167,Personal Auto,Four-Door Car
625,SJ43436,Oregon,F,Bachelor,245273,52785,61,0,45,Corporate Auto,Two-Door Car
626,VW46878,Oregon,F,High School or Below,792028,59648,66,0,316,Personal Auto,Four-Door Car
627,TW91179,Oregon,F,College,386148,93272,95,0,281,Corporate Auto,Four-Door Car
628,LG19551,Arizona,M,Bachelor,576478,22134,72,0,445,Corporate Auto,Four-Door Car
629,AI49712,Washington,F,High School or Below,259389,0,72,0,345,Personal Auto,Four-Door Car
630,WN14473,Arizona,M,Master,288235,87798,71,0,204,Personal Auto,Two-Door Car
631,WH62198,California,M,Bachelor,221318,0,63,0,305,Personal Auto,Four-Door Car
632,SP85148,California,F,Master,942962,43811,117,0,571,Personal Auto,Luxury
633,FB49203,California,F,College,623925,0,91,0,655,Corporate Auto,Two-Door Car
634,FF94341,Nevada,F,Bachelor,766880,92456,95,0,456,Special Auto,Four-Door Car
635,TS42594,California,F,High School or Below,1377097,59207,116,0,556,Personal Auto,Four-Door Car
636,IL43607,California,F,High School or Below,274284,64519,69,1,331,Corporate Auto,Four-Door Car
637,FL85008,Oregon,F,High School or Below,1346692,11432,119,0,571,Personal Auto,SUV
638,AN47199,Nevada,F,College,885835,0,80,0,81,Personal Auto,Two-Door Car
639,SV28347,California,M,High School or Below,848533,32607,111,1,532,Corporate Auto,SUV
640,IC78105,Arizona,F,High School or Below,774464,26444,196,0,940,Personal Auto,Luxury
641,RB28630,Oregon,F,High School or Below,589490,39381,74,1,355,Personal Auto,Four-Door Car
642,KA32645,Nevada,M,College,577068,0,83,0,946,Personal Auto,Four-Door Car
643,QD73891,Oregon,M,High School or Below,526111,90217,66,1,316,Personal Auto,Four-Door Car
644,LM58949,Oregon,M,High School or Below,240353,24248,70,3,336,Personal Auto,Four-Door Car
645,YG40323,Arizona,M,Bachelor,912460,99368,113,0,82,Personal Auto,Four-Door Car
646,EP82214,Arizona,F,High School or Below,2618080,68189,82,1,343,Special Auto,Four-Door Car
647,EO91797,Nevada,F,Master,1564125,32370,130,0,487,Corporate Auto,SUV
648,RU50098,Arizona,F,Master,257402,34990,65,0,42,Personal Auto,Four-Door Car
649,QW10541,California,F,High School or Below,531983,25714,67,0,321,Personal Auto,Two-Door Car
650,SB50826,Oregon,M,College,749600,61091,95,0,409,Personal Auto,Two-Door Car
651,XX29952,Arizona,M,College,1217458,88184,104,3,240,Personal Auto,Four-Door Car
652,AT93647,California,F,College,260557,60252,65,0,182,Personal Auto,Four-Door Car
653,QP56563,Oregon,M,College,270720,80985,67,0,124,Personal Auto,Four-Door Car
654,UF88986,Washington,F,College,279490,39783,72,0,345,Personal Auto,Two-Door Car
655,TY43440,California,M,High School or Below,881901,99845,110,1,528,Personal Auto,SUV
656,NJ15094,Washington,F,Bachelor,534599,0,72,0,345,Personal Auto,Four-Door Car
657,MM45334,Oregon,F,College,816951,40803,71,3,122,Personal Auto,Four-Door Car
658,KH93988,Oregon,F,College,770888,71134,98,3,196,Personal Auto,Two-Door Car
659,RY38931,Arizona,M,Bachelor,552821,36088,72,0,345,Personal Auto,Four-Door Car
660,CV48634,Nevada,M,College,1212844,29431,103,0,237,Personal Auto,SUV
661,TN76120,Washington,M,Bachelor,552821,36088,72,0,345,Personal Auto,Four-Door Car
662,ZS96174,Oregon,M,College,679684,17937,65,0,312,Personal Auto,Two-Door Car
663,MI62456,Arizona,F,Bachelor,286731,23376,78,0,374,Personal Auto,Four-Door Car
664,DD44177,California,F,Doctor,239557,21986,63,0,333,Personal Auto,Two-Door Car
665,NX31380,Arizona,F,Bachelor,709416,23032,89,0,427,Corporate Auto,Four-Door Car
666,KQ43374,Oregon,F,College,412809,32114,104,0,445,Corporate Auto,SUV
667,XA54112,California,M,Bachelor,404693,13330,117,0,561,Corporate Auto,SUV
668,QB14087,California,F,College,486928,44934,61,0,357,Personal Auto,Four-Door Car
669,FV42881,Oregon,F,College,290215,96137,73,2,67,Corporate Auto,Two-Door Car
670,AV76907,Oregon,F,College,428294,40864,109,1,166,Personal Auto,SUV
671,VM85555,California,F,College,775012,22668,67,1,33,Personal Auto,Four-Door Car
672,ZU88113,Oregon,M,College,662717,90751,82,1,315,Personal Auto,Two-Door Car
673,SZ75668,Oregon,M,College,747460,44186,64,2,295,Personal Auto,Four-Door Car
674,MZ65087,Oregon,M,College,556129,92678,70,0,34,Personal Auto,Four-Door Car
675,EL61402,Arizona,F,Bachelor,609846,74257,76,0,214,Personal Auto,Four-Door Car
676,CJ31839,California,M,Bachelor,285952,99981,71,0,204,Special Auto,Four-Door Car
677,XM11175,Arizona,M,College,599442,0,91,0,655,Personal Auto,Four-Door Car
678,LF41085,Arizona,F,College,563524,19591,74,0,95,Personal Auto,Two-Door Car
679,MB19556,California,F,College,506720,29095,127,0,664,Personal Auto,SUV
680,HC74532,Oregon,F,Bachelor,226328,0,62,0,389,Corporate Auto,Four-Door Car
681,SB66770,Arizona,M,Master,1443567,60880,119,0,109,Corporate Auto,Two-Door Car
682,JI25066,Arizona,F,Bachelor,492839,61785,61,0,271,Personal Auto,Two-Door Car
683,PY98958,Oregon,M,Bachelor,1203662,44428,104,0,499,Special Auto,SUV
684,RA65645,California,M,High School or Below,856476,95697,107,0,178,Personal Auto,Luxury
685,FQ79356,California,F,Bachelor,236188,18064,63,2,182,Personal Auto,Four-Door Car
686,TM25808,California,M,High School or Below,556569,74720,70,0,200,Personal Auto,Two-Door Car
687,XO46388,California,F,Bachelor,514680,22594,67,0,321,Personal Auto,Four-Door Car
688,LB81265,Arizona,F,Bachelor,293808,40987,73,0,329,Personal Auto,Four-Door Car
689,JR38787,Nevada,M,High School or Below,1443274,24561,126,0,853,Personal Auto,SUV
690,KZ22690,California,F,College,1302741,76456,83,1,42,Personal Auto,Four-Door Car
691,NY49598,California,M,College,245198,65828,62,0,297,Personal Auto,Four-Door Car
692,KY39767,Oregon,F,College,466198,0,68,1,489,Personal Auto,Four-Door Car
693,YU35386,Arizona,F,Bachelor,560001,63621,70,0,444,Personal Auto,Four-Door Car
694,TF82172,Arizona,M,College,401613,10074,107,0,108,Corporate Auto,SUV
695,ER40041,Oregon,F,College,2219580,78965,183,0,145,Personal Auto,Luxury
696,MS39869,Nevada,F,College,734335,0,68,0,479,Personal Auto,Four-Door Car
697,PV77906,Arizona,M,Bachelor,480451,23604,64,0,460,Corporate Auto,Two-Door Car
698,QF21045,Oregon,F,College,273553,99205,68,0,323,Personal Auto,Two-Door Car
699,HF65914,Arizona,M,College,694097,0,92,0,441,Personal Auto,Two-Door Car
700,AJ58038,California,F,Bachelor,239621,0,66,2,433,Corporate Auto,Four-Door Car
701,ZR88383,Nevada,F,College,538089,55350,67,0,321,Personal Auto,Four-Door Car
702,OT49339,Oregon,M,College,843281,21052,111,0,453,Corporate Auto,SUV
703,FI74985,Oregon,F,High School or Below,755650,0,69,0,496,Personal Auto,Four-Door Car
704,JW15301,Arizona,M,High School or Below,778743,24664,69,0,496,Corporate Auto,Four-Door Car
705,PY20159,Nevada,M,College,478781,45225,124,0,209,Corporate Auto,Luxury
706,NC42524,California,M,College,970764,30430,86,0,425,Special Auto,Four-Door Car
707,ZG19911,California,F,Bachelor,255222,35149,64,0,120,Personal Auto,Two-Door Car
708,DI89983,California,M,Bachelor,522342,16513,71,0,340,Personal Auto,Four-Door Car
709,IG56214,Nevada,M,High School or Below,501044,10892,66,0,316,Personal Auto,Four-Door Car
710,CA86085,Washington,M,High School or Below,560831,67176,72,0,345,Personal Auto,Four-Door Car
711,UO95739,Oregon,M,College,445793,54704,113,0,468,Personal Auto,SUV
712,SB64873,Oregon,M,Doctor,820078,25381,71,0,340,Personal Auto,Four-Door Car
713,TE82896,Oregon,F,High School or Below,274608,0,74,0,355,Personal Auto,Four-Door Car
714,VY64199,Oregon,F,Bachelor,1021577,18150,67,0,220,Corporate Auto,Four-Door Car
715,IE82679,California,M,Bachelor,245357,29735,69,0,331,Personal Auto,Four-Door Car
716,SL70257,Nevada,F,College,587295,77156,73,0,445,Personal Auto,Four-Door Car
717,XJ85947,Oregon,F,College,311892,88782,78,0,357,Personal Auto,Four-Door Car
718,EF84269,California,F,College,556865,51489,139,0,236,Personal Auto,SUV
719,NY91328,California,F,Bachelor,902971,16972,125,0,600,Personal Auto,SUV
720,AT49447,California,M,Bachelor,759182,99359,95,0,233,Personal Auto,Two-Door Car
721,BM70908,Arizona,M,College,225531,58289,62,4,297,Personal Auto,Two-Door Car
722,GM63998,Oregon,F,Doctor,3261369,45173,268,0,1286,Personal Auto,Luxury
723,AR61426,California,F,Bachelor,944564,93246,78,0,41,Personal Auto,Two-Door Car
724,CB62406,Arizona,M,High School or Below,680359,43758,171,0,1129,Corporate Auto,SUV
725,WH82416,Oregon,M,Bachelor,976621,75651,81,0,375,Personal Auto,Four-Door Car
726,UI53874,Arizona,F,Doctor,729484,0,67,0,321,Personal Auto,Four-Door Car
727,LM44949,Oregon,F,Doctor,568251,36938,70,0,244,Special Auto,Four-Door Car
728,JR59597,California,M,Bachelor,633294,50843,82,0,393,Personal Auto,Two-Door Car
729,ZS22428,California,F,Bachelor,491657,21907,62,0,2,Personal Auto,Four-Door Car
730,AZ34845,California,F,Bachelor,479824,77846,119,0,342,Personal Auto,Luxury
731,XZ34917,Washington,M,Bachelor,564380,41043,72,0,345,Personal Auto,Four-Door Car
732,QU20310,Arizona,F,High School or Below,924746,97030,76,0,416,Corporate Auto,Four-Door Car
733,NQ42020,Oregon,M,High School or Below,732292,80864,182,0,618,Personal Auto,Luxury SUV
734,ZF40143,Nevada,F,College,827590,48197,106,0,508,Personal Auto,Four-Door Car
735,GU65780,California,M,Doctor,563540,70837,73,4,362,Personal Auto,Four-Door Car
736,KY32675,Arizona,M,High School or Below,1497028,85297,93,0,620,Special Auto,Two-Door Car
737,ZX35838,Oregon,F,Master,933633,70177,115,0,225,Personal Auto,Four-Door Car
738,LU42720,Nevada,M,College,4835696,52499,138,0,1171,Personal Auto,SUV
739,FB25242,Oregon,M,College,568691,63143,71,0,340,Corporate Auto,Four-Door Car
740,RW51650,Oregon,M,Bachelor,862283,97361,73,0,350,Personal Auto,Four-Door Car
741,XX94684,Nevada,M,High School or Below,507967,50052,130,0,624,Personal Auto,Luxury
742,AH99727,Arizona,F,Bachelor,562331,11612,71,0,340,Personal Auto,Four-Door Car
743,NZ85858,Arizona,F,High School or Below,527001,78115,65,0,255,Personal Auto,Four-Door Car
744,JU19953,California,F,Master,862117,81947,71,0,203,Personal Auto,Two-Door Car
745,LC33025,Oregon,M,College,791833,44698,211,4,1012,Personal Auto,Luxury
746,BV86143,California,F,High School or Below,2103401,26876,66,0,219,Personal Auto,Four-Door Car
747,AY88788,Oregon,F,College,1541768,69841,192,0,878,Personal Auto,Luxury SUV
748,OJ33945,Oregon,F,High School or Below,869263,97768,72,0,151,Personal Auto,Two-Door Car
749,LO84523,Oregon,M,High School or Below,650314,0,187,0,1588,Personal Auto,Luxury
750,HZ25580,Washington,F,High School or Below,239619,39062,61,0,346,Corporate Auto,Two-Door Car
751,AR96516,Oregon,F,Bachelor,591495,50217,74,0,355,Personal Auto,Two-Door Car
752,JP69864,Washington,F,Bachelor,224844,24910,63,1,347,Personal Auto,Four-Door Car
753,DL26809,Nevada,M,College,682679,0,68,0,489,Personal Auto,Two-Door Car
754,MV69686,Oregon,F,Doctor,398218,38500,99,1,423,Corporate Auto,Four-Door Car
755,SC95565,Nevada,F,High School or Below,288777,62018,71,0,293,Personal Auto,Two-Door Car
756,RL31641,Oregon,F,College,225241,0,65,0,468,Personal Auto,Two-Door Car
757,OH83248,California,M,Master,845853,57394,106,0,316,Personal Auto,Four-Door Car
758,DB28979,California,M,Bachelor,747831,23530,65,0,312,Corporate Auto,Two-Door Car
759,ZS32263,California,F,High School or Below,378864,48887,95,0,456,Personal Auto,Four-Door Car
760,IY59173,Oregon,F,Master,522068,68867,129,0,619,Personal Auto,SUV
761,KL17620,California,F,College,713029,12062,63,0,302,Corporate Auto,Four-Door Car
762,CP28581,Arizona,M,College,851359,59230,107,0,245,Personal Auto,SUV
763,QR15592,Arizona,F,Bachelor,566013,59586,72,0,91,Personal Auto,Four-Door Car
764,RI85578,Washington,F,Bachelor,263814,79699,65,0,348,Personal Auto,Two-Door Car
765,TG68823,Arizona,F,Bachelor,531889,25134,67,0,321,Personal Auto,Four-Door Car
766,WO78310,Oregon,F,College,416016,0,61,0,292,Personal Auto,Four-Door Car
767,SC78905,Oregon,F,College,223734,0,61,0,292,Personal Auto,Four-Door Car
768,EL88957,California,M,College,346012,0,100,1,720,Personal Auto,SUV
769,SS54050,California,M,Bachelor,1600550,44901,70,2,460,Personal Auto,Four-Door Car
770,ZV99487,Arizona,F,Bachelor,698660,0,93,0,149,Personal Auto,Four-Door Car
771,XI51746,Oregon,F,Bachelor,882696,28463,113,2,324,Personal Auto,SUV
772,KG85675,Nevada,F,Bachelor,472686,13037,124,0,839,Personal Auto,SUV
773,KK64803,California,M,High School or Below,2744347,82320,99,1,475,Personal Auto,Four-Door Car
774,OM80593,California,F,Bachelor,724731,0,104,0,499,Personal Auto,SUV
775,RL59810,Oregon,F,College,513785,78460,64,0,203,Personal Auto,Four-Door Car
776,QQ53360,Nevada,M,College,273905,0,92,4,657,Personal Auto,Two-Door Car
777,WR76339,California,M,College,509279,46922,64,0,403,Corporate Auto,Two-Door Car
778,BA40043,California,M,College,579982,60689,74,0,5,Corporate Auto,Four-Door Car
779,MK52197,Nevada,F,Master,550706,0,71,0,340,Personal Auto,Four-Door Car
780,SV48204,Oregon,F,College,1048491,61108,89,0,49,Personal Auto,Four-Door Car
781,RJ79502,Arizona,M,Bachelor,850128,98003,107,0,449,Personal Auto,SUV
782,LY14355,Washington,F,High School or Below,293598,73847,73,1,350,Personal Auto,Two-Door Car
783,NL32558,Arizona,F,High School or Below,650339,22081,84,0,451,Personal Auto,Two-Door Car
784,CP92616,Nevada,M,High School or Below,4680522,83006,235,1,1065,Personal Auto,Luxury SUV
785,BP28492,Arizona,F,College,483471,38713,66,4,316,Corporate Auto,Four-Door Car
786,MX28412,Oregon,F,College,257532,28700,68,3,326,Personal Auto,Four-Door Car
787,DT99586,California,F,Master,3711165,61552,115,0,12,Personal Auto,SUV
788,IC41932,Nevada,M,College,437119,56718,113,1,542,Personal Auto,SUV
789,DA35744,Oregon,M,Doctor,1679633,66776,71,0,131,Corporate Auto,Four-Door Car
790,GU96042,California,M,High School or Below,798850,58268,67,0,228,Corporate Auto,Two-Door Car
791,UW98698,California,M,College,226984,0,68,0,542,Personal Auto,Four-Door Car
792,SF32458,California,M,Doctor,499147,12608,66,1,214,Personal Auto,Four-Door Car
793,OM85313,California,M,Master,292193,63499,73,0,278,Personal Auto,Four-Door Car
794,MH81246,Oregon,M,High School or Below,761319,36247,96,0,329,Corporate Auto,Four-Door Car
795,OH99089,California,F,Master,582740,30228,73,0,163,Personal Auto,Four-Door Car
796,TG57800,Oregon,F,College,260064,0,74,0,501,Personal Auto,Two-Door Car
797,GX19342,California,F,High School or Below,849146,0,116,0,1193,Personal Auto,Four-Door Car
798,XE39286,Arizona,F,Bachelor,977873,99364,121,0,580,Personal Auto,Luxury
799,JA93297,California,M,Bachelor,2265853,23665,67,0,404,Personal Auto,Four-Door Car
800,II37789,Arizona,F,College,1000402,0,94,0,807,Corporate Auto,Four-Door Car
801,IC32996,Oregon,M,High School or Below,487277,69247,61,1,226,Corporate Auto,Two-Door Car
802,LO67195,Arizona,F,College,744481,56047,92,0,82,Corporate Auto,Four-Door Car
803,PG93638,Oregon,M,College,576111,28919,73,0,207,Personal Auto,Two-Door Car
804,OZ41737,Oregon,F,Doctor,536677,0,70,0,223,Personal Auto,Four-Door Car
805,OY66019,Oregon,F,College,625947,0,83,0,254,Personal Auto,Four-Door Car
806,CH73843,Arizona,M,High School or Below,762358,69900,64,0,33,Personal Auto,Two-Door Car
807,XT93203,California,M,High School or Below,1096395,55687,276,0,1324,Personal Auto,Luxury SUV
808,OR85652,Oregon,F,Bachelor,742784,78294,92,0,181,Personal Auto,Four-Door Car
809,LR10110,Washington,F,Bachelor,550413,0,73,0,350,Corporate Auto,Four-Door Car
810,XK11432,Arizona,M,Bachelor,466512,0,62,0,297,Personal Auto,Two-Door Car
811,OX24868,California,F,High School or Below,602184,0,168,0,1476,Personal Auto,SUV
812,EZ74530,Nevada,M,High School or Below,307410,0,104,3,748,Personal Auto,Luxury
813,HP46467,Oregon,F,College,495308,21385,127,0,609,Corporate Auto,SUV
814,KP54476,California,M,Master,778048,87128,97,0,495,Personal Auto,Two-Door Car
815,AI47152,Nevada,F,College,799277,35434,66,0,297,Personal Auto,Four-Door Car
816,BU15334,California,F,Master,417068,29462,107,1,513,Corporate Auto,SUV
817,GD59796,Nevada,F,College,2322823,53243,102,3,489,Personal Auto,Four-Door Car
818,OX59701,California,M,High School or Below,544581,21006,139,1,667,Personal Auto,SUV
819,OD63728,California,F,College,455849,0,65,0,312,Personal Auto,Two-Door Car
820,JC38573,Oregon,M,Bachelor,552821,36088,72,0,345,Corporate Auto,Four-Door Car
821,RC11491,Oregon,F,College,1039066,28948,131,0,295,Corporate Auto,SUV
822,RZ24101,Nevada,F,College,714254,24417,185,0,888,Personal Auto,SUV
823,OB88698,Oregon,M,High School or Below,546954,67099,69,0,22,Personal Auto,Two-Door Car
824,IK92617,Oregon,F,Bachelor,1162873,97830,96,0,298,Personal Auto,Four-Door Car
825,YH43996,Arizona,M,College,1018965,0,101,0,727,Personal Auto,Four-Door Car
826,BJ65040,Arizona,F,High School or Below,273343,93558,67,0,478,Personal Auto,Four-Door Car
827,WY57101,Arizona,F,Doctor,401445,37384,99,0,475,Personal Auto,Four-Door Car
828,OG77759,Arizona,M,Bachelor,711953,28227,62,0,551,Personal Auto,Four-Door Car
829,HN38084,Nevada,M,High School or Below,1177279,51008,74,0,355,Corporate Auto,Two-Door Car
830,GD11927,California,M,High School or Below,238179,78185,61,0,292,Personal Auto,Four-Door Car
831,MC20349,California,F,Bachelor,520835,0,74,0,532,Personal Auto,Four-Door Car
832,HM22034,Nevada,M,College,501872,0,68,0,670,Personal Auto,Four-Door Car
833,KH48996,Arizona,F,Bachelor,1190054,97205,100,2,5,Personal Auto,Luxury
834,VF32979,Washington,F,Bachelor,580017,25472,73,0,350,Corporate Auto,Four-Door Car
835,LS90887,California,F,Bachelor,567438,26225,72,1,320,Special Auto,Four-Door Car
836,EN72010,Oregon,M,College,727143,20545,70,0,336,Personal Auto,Two-Door Car
837,KH44031,Oregon,F,Master,316449,0,83,0,398,Personal Auto,Four-Door Car
838,GJ47896,Arizona,F,College,266103,35503,67,0,216,Personal Auto,Two-Door Car
839,GD87742,Oregon,F,College,1414055,58988,118,0,566,Personal Auto,Luxury
840,MD14027,Nevada,F,Bachelor,765422,0,74,1,355,Personal Auto,Two-Door Car
841,XA32915,Nevada,M,High School or Below,219973,0,64,0,685,Personal Auto,Two-Door Car
842,XR52852,Oregon,F,College,200435,0,66,4,316,Special Auto,Four-Door Car
843,EZ48947,Nevada,M,College,1311111,67197,111,0,147,Special Auto,SUV
844,OJ50322,Nevada,M,High School or Below,1576260,39032,198,0,950,Personal Auto,SUV
845,XB77333,Oregon,F,College,1319792,0,68,3,326,Personal Auto,Four-Door Car
846,QB58745,California,M,High School or Below,278753,34927,70,0,242,Personal Auto,Two-Door Car
847,IG62421,Nevada,M,Doctor,343613,30817,88,0,91,Personal Auto,Four-Door Car
848,SF29724,California,F,Bachelor,271336,31535,70,0,90,Personal Auto,Four-Door Car
849,WM95454,California,F,Bachelor,286731,23376,78,0,374,Personal Auto,Four-Door Car
850,CB96381,California,F,College,1459024,46244,62,0,255,Corporate Auto,Four-Door Car
851,MJ60422,Arizona,M,Bachelor,665247,34886,84,0,403,Personal Auto,Two-Door Car
852,NC63295,Arizona,M,High School or Below,244462,0,66,0,316,Corporate Auto,Four-Door Car
853,CM55703,Washington,F,College,289691,33746,74,1,355,Personal Auto,Two-Door Car
854,ZE76673,Oregon,M,Doctor,1097206,24164,137,0,657,Personal Auto,Luxury
855,WF34690,Oregon,F,Bachelor,1935737,0,68,1,326,Personal Auto,Four-Door Car
856,ZM28138,Arizona,F,Bachelor,722712,40153,61,0,340,Personal Auto,Four-Door Car
857,FI14842,Nevada,F,College,785730,0,104,0,499,Personal Auto,SUV
858,KC32511,Oregon,F,Master,518162,97131,64,0,307,Personal Auto,Four-Door Car
859,NE10467,Arizona,F,High School or Below,428106,23712,106,0,508,Corporate Auto,SUV
860,PT93474,Oregon,F,Bachelor,1151316,0,64,0,307,Personal Auto,Four-Door Car
861,RL74454,Nevada,F,Bachelor,514711,33171,65,0,236,Personal Auto,Four-Door Car
862,DQ31994,Nevada,F,College,866349,0,83,1,398,Corporate Auto,Four-Door Car
863,DN98431,Oregon,F,High School or Below,253532,0,68,0,326,Corporate Auto,Four-Door Car
864,EV53200,Nevada,M,College,2150433,60228,112,1,286,Personal Auto,SUV
865,AJ89107,Arizona,M,High School or Below,734932,27072,93,0,565,Personal Auto,Four-Door Car
866,WS25565,California,M,Master,850985,26057,74,0,523,Personal Auto,Four-Door Car
867,ZY33234,Nevada,F,High School or Below,429718,66331,107,0,513,Personal Auto,Two-Door Car
868,PS69748,Washington,M,College,871704,83846,74,3,355,Personal Auto,Four-Door Car
869,HL33607,Washington,M,College,871704,83846,74,3,355,Personal Auto,Four-Door Car
870,DG90902,California,F,College,1747664,45106,73,0,350,Personal Auto,Four-Door Car
871,SW96063,Arizona,F,Bachelor,1047989,78435,130,0,553,Personal Auto,SUV
872,CP19929,California,F,Bachelor,224257,0,63,1,453,Corporate Auto,Two-Door Car
873,KR50062,Oregon,M,College,275445,79507,70,3,442,Personal Auto,Two-Door Car
874,CU19735,Arizona,M,High School or Below,804120,44986,101,0,624,Corporate Auto,SUV
875,ST52914,Arizona,M,College,604291,25899,79,0,568,Personal Auto,Two-Door Car
876,WQ68301,Oregon,M,Bachelor,282743,13610,74,0,355,Personal Auto,Four-Door Car
877,LR33381,Nevada,M,Doctor,2204185,0,65,0,312,Personal Auto,Four-Door Car
878,UR36912,California,M,Bachelor,279680,77362,70,0,386,Personal Auto,Two-Door Car
879,SK46419,California,M,High School or Below,407284,96443,102,0,489,Personal Auto,SUV
880,BY88757,California,M,Master,518246,0,135,1,939,Personal Auto,SUV
881,ER65086,Nevada,M,Doctor,613166,90778,76,0,62,Personal Auto,Four-Door Car
882,TP87527,California,F,High School or Below,239213,0,65,0,361,Corporate Auto,Four-Door Car
883,VL80291,Nevada,F,Master,320966,78494,79,0,122,Personal Auto,Two-Door Car
884,WL45773,California,F,Doctor,280860,83497,69,0,196,Special Auto,Four-Door Car
885,TT36693,Nevada,M,College,436293,58842,110,0,528,Personal Auto,Four-Door Car
886,PT12544,Arizona,M,College,688046,63935,87,0,221,Personal Auto,Four-Door Car
887,CI24326,Oregon,M,Bachelor,359106,0,96,0,460,Personal Auto,Four-Door Car
888,YQ73717,California,M,High School or Below,520125,0,69,0,331,Personal Auto,Four-Door Car
889,FG99706,Oregon,F,College,552154,0,77,0,369,Personal Auto,Four-Door Car
890,OM63414,Arizona,F,Bachelor,507165,62258,65,0,117,Personal Auto,Two-Door Car
891,JQ74890,Nevada,M,Bachelor,292168,0,80,0,739,Corporate Auto,Four-Door Car
892,FP93662,California,F,Master,1580653,58516,98,0,470,Corporate Auto,Two-Door Car
893,SA40041,Washington,F,Bachelor,574988,22814,73,0,360,Personal Auto,Four-Door Car
894,EW82164,California,F,Bachelor,416741,56901,104,0,499,Personal Auto,SUV
895,KV99550,California,M,High School or Below,651495,0,61,1,292,Personal Auto,Four-Door Car
896,CA96230,California,M,Doctor,918951,99443,117,4,228,Personal Auto,SUV
897,QN17712,Oregon,F,College,823122,0,113,0,373,Personal Auto,SUV
898,KM79894,Arizona,M,Master,309517,88246,77,1,428,Corporate Auto,Four-Door Car
899,KR25511,Washington,M,High School or Below,600521,26876,76,0,364,Corporate Auto,Four-Door Car
900,DZ45471,Nevada,M,College,758211,64801,64,0,268,Personal Auto,Four-Door Car
901,DE18949,Oregon,F,College,1634460,57029,68,0,135,Corporate Auto,Two-Door Car
902,BN74268,Arizona,F,College,1176315,28045,99,0,475,Personal Auto,Four-Door Car
903,QJ93301,Nevada,M,Master,405337,44661,101,0,436,Personal Auto,Two-Door Car
904,OO92815,Arizona,F,High School or Below,331115,21246,83,0,398,Personal Auto,Four-Door Car
905,HV50891,Nevada,M,Doctor,352804,31278,92,4,441,Personal Auto,Two-Door Car
906,RK59543,California,F,High School or Below,559538,74454,71,0,340,Personal Auto,Four-Door Car
907,IH54239,California,M,Master,508969,62474,63,0,112,Personal Auto,Four-Door Car
908,GB14456,Nevada,M,High School or Below,2233716,0,130,0,1376,Personal Auto,SUV
909,RC95515,Arizona,M,College,479283,20647,63,0,185,Personal Auto,Four-Door Car
910,TI61458,California,F,Bachelor,2778969,33806,89,0,395,Personal Auto,Four-Door Car
911,RB49468,Oregon,F,Bachelor,751166,0,70,0,340,Personal Auto,Four-Door Car
912,SJ18454,Oregon,M,High School or Below,1876755,0,111,0,900,Personal Auto,Luxury
913,KC19420,California,F,College,498764,19589,127,0,1027,Personal Auto,SUV
914,TP12241,California,F,College,512319,22338,67,1,307,Personal Auto,Two-Door Car
915,BD89564,Nevada,M,College,598977,66839,154,0,739,Personal Auto,Luxury
916,EC71986,Washington,F,High School or Below,242928,26736,63,0,367,Personal Auto,Four-Door Car
917,CJ97736,Oregon,F,College,582818,31364,74,0,461,Personal Auto,Four-Door Car
918,QF59448,Washington,M,College,283158,17752,77,0,369,Personal Auto,Four-Door Car
919,YB70005,Oregon,M,College,976793,36225,123,0,221,Special Auto,SUV
920,QI40455,Oregon,F,Doctor,1209791,0,107,0,271,Personal Auto,SUV
921,YL72747,California,M,High School or Below,226531,0,61,0,292,Personal Auto,Four-Door Car
922,FL18392,California,F,Bachelor,571908,77601,71,0,276,Personal Auto,Two-Door Car
923,AL21967,Oregon,M,Master,1017147,74243,84,0,71,Corporate Auto,Four-Door Car
924,KC67431,California,F,College,1051715,46707,133,0,80,Personal Auto,Luxury
925,EG40823,Oregon,F,Bachelor,430347,0,116,0,765,Personal Auto,SUV
926,QO89177,California,M,College,1192675,50234,101,0,484,Personal Auto,Four-Door Car
927,AV72430,Oregon,M,Master,1653170,75526,103,1,494,Personal Auto,Four-Door Car
928,TL18087,Washington,M,Bachelor,305928,65083,77,0,369,Personal Auto,Four-Door Car
929,WI29961,Nevada,M,High School or Below,543744,28343,69,0,331,Personal Auto,Two-Door Car
930,ZR11692,California,M,Bachelor,510329,74948,64,0,216,Corporate Auto,Four-Door Car
931,No36572,Oregon,M,High School or Below,458310,22728,116,0,556,Personal Auto,Four-Door Car
932,YZ56105,California,F,High School or Below,640962,0,99,2,712,Personal Auto,Two-Door Car
933,MN62189,California,F,High School or Below,899198,17331,117,0,1138,Personal Auto,SUV
934,MQ32284,California,F,College,1223277,35133,102,0,692,Personal Auto,SUV
935,NS38229,Nevada,F,College,512603,63147,64,0,87,Personal Auto,Four-Door Car
936,IB41597,California,F,College,1101416,67575,91,0,401,Personal Auto,Four-Door Car
937,IP68868,Oregon,M,High School or Below,381961,0,111,0,799,Personal Auto,Two-Door Car
938,EL70257,California,F,High School or Below,840439,48315,71,0,340,Personal Auto,Four-Door Car
939,NB27041,Arizona,F,High School or Below,903567,34337,113,0,542,Corporate Auto,Four-Door Car
940,BM28359,Oregon,M,High School or Below,545370,33818,72,4,341,Personal Auto,Four-Door Car
941,VB77950,California,F,High School or Below,376636,22439,98,0,470,Personal Auto,Four-Door Car
942,PE47967,Oregon,F,College,728393,79055,186,1,177,Personal Auto,Luxury SUV
943,QR47308,Nevada,F,College,274524,45191,69,0,330,Personal Auto,Four-Door Car
944,YU49449,California,M,Bachelor,262627,41990,66,0,316,Personal Auto,Four-Door Car
945,KN25124,Oregon,F,Master,245681,50979,61,1,262,Personal Auto,Two-Door Car
946,HI51182,Oregon,F,College,845367,59888,106,0,712,Personal Auto,Four-Door Car
947,MS18916,California,M,College,350856,20978,98,1,1176,Personal Auto,Four-Door Car
948,IE40701,California,M,High School or Below,287735,32807,73,0,350,Personal Auto,Four-Door Car
949,UT48216,Nevada,M,College,784016,58414,210,2,1008,Personal Auto,Luxury SUV
950,VN92740,Arizona,F,College,277104,50071,71,0,18,Corporate Auto,Two-Door Car
951,IZ55070,Nevada,F,High School or Below,533948,67796,69,4,331,Personal Auto,Four-Door Car
952,HI74419,Washington,M,College,809287,50825,102,0,369,Personal Auto,SUV
953,MP76478,Washington,F,High School or Below,864650,64125,108,0,369,Corporate Auto,SUV
954,DY30071,Oregon,M,Bachelor,565923,69387,71,0,71,Personal Auto,Four-Door Car
955,ZN24083,Oregon,M,Doctor,553246,29084,71,1,492,Corporate Auto,Four-Door Car
956,JU74347,Oregon,M,Bachelor,794351,60214,100,1,291,Corporate Auto,Luxury
957,YJ35850,Oregon,M,High School or Below,977460,96018,122,0,390,Personal Auto,SUV
958,IE15348,Washington,F,High School or Below,406700,28466,102,0,371,Personal Auto,SUV
959,GP67816,California,F,High School or Below,2320839,60233,116,0,481,Personal Auto,Two-Door Car
960,PW51793,Oregon,M,Bachelor,732589,52920,93,0,1101,Personal Auto,Four-Door Car
961,UF59346,California,M,Bachelor,417034,90310,104,0,166,Personal Auto,SUV
962,FG29932,California,M,College,784016,58414,210,2,1008,Special Auto,Luxury SUV
963,UX71137,Washington,F,Doctor,887596,69205,110,0,372,Personal Auto,Four-Door Car
964,BY54111,Oregon,M,High School or Below,1937890,21159,73,0,350,Personal Auto,Four-Door Car
965,RM83767,Washington,M,College,597099,64008,85,5,372,Personal Auto,Four-Door Car
966,PT15464,Arizona,F,Bachelor,914887,68236,114,0,20,Personal Auto,SUV
967,BP92643,Arizona,F,High School or Below,1377097,59207,116,0,556,Personal Auto,Four-Door Car
968,BW94308,Washington,F,High School or Below,2009689,92766,71,0,379,Personal Auto,Two-Door Car
969,GQ46925,Arizona,M,High School or Below,582168,77563,143,0,545,Personal Auto,Luxury
970,RF14806,Arizona,F,College,309580,33415,78,0,374,Personal Auto,Four-Door Car
971,KJ23009,California,F,Bachelor,1059854,20179,133,1,638,Corporate Auto,SUV
972,IB81655,California,M,Bachelor,769512,50147,101,0,484,Personal Auto,SUV
973,HR64684,Oregon,M,Master,868982,0,99,5,475,Personal Auto,Four-Door Car
974,QS96715,Nevada,F,High School or Below,813177,93715,102,2,254,Personal Auto,SUV
975,SW55711,Oregon,M,High School or Below,381532,23540,103,2,494,Corporate Auto,Two-Door Car
976,LZ19268,California,F,College,1163889,25370,102,0,489,Personal Auto,Luxury
977,FU74983,Nevada,F,Bachelor,2280053,68771,96,0,276,Personal Auto,Four-Door Car
978,KB99097,California,F,Bachelor,446299,0,73,3,350,Special Auto,Two-Door Car
979,AP52126,Oregon,F,College,1315183,68562,108,0,228,Personal Auto,SUV
980,EX61844,Arizona,M,High School or Below,1401997,36733,71,0,327,Personal Auto,Four-Door Car
981,QC30857,Nevada,F,College,293115,45768,73,0,191,Personal Auto,Two-Door Car
982,RT69513,California,F,Bachelor,477475,0,64,0,307,Personal Auto,Four-Door Car
983,HV85198,Arizona,M,Master,847141,63513,70,0,185,Personal Auto,Four-Door Car
984,BS91566,Arizona,F,College,543121,58161,68,0,140,Corporate Auto,Four-Door Car
985,IL40123,Nevada,F,College,568964,83640,70,0,471,Corporate Auto,Two-Door Car
986,MY32149,California,F,Master,368672,0,96,0,28,Personal Auto,Two-Door Car
987,SA91515,California,M,Bachelor,399258,0,111,0,700,Personal Auto,SUV
